race_date,source_cname
2019-01-05,pw01ses10062019010120190105/B6
2019-01-05,pw01ses10082019010120190105/4A
2019-01-06,pw01ses10062019010220190106/A4
2019-01-06,pw01ses10082019010220190106/38
2019-01-12,pw01ses10062019010320190112/43
2019-01-12,pw01ses10082019010320190112/D7
2019-01-13,pw01ses10062019010420190113/31
2019-01-13,pw01ses10082019010420190113/C5
2019-01-14,pw01ses10062019010520190114/1F
2019-01-14,pw01ses10082019010520190114/B3
2019-01-19,pw01ses10062019010620190119/F9
2019-01-19,pw01ses10072019010120190119/04
2019-01-19,pw01ses10082019010620190119/8D
2019-01-20,pw01ses10062019010720190120/31
2019-01-20,pw01ses10072019010220190120/3C
2019-01-20,pw01ses10082019010720190120/C5
2019-01-26,pw01ses10052019010120190126/17
2019-01-26,pw01ses10072019010320190126/91
2019-01-26,pw01ses10082019020120190126/26
2019-01-27,pw01ses10052019010220190127/05
2019-01-27,pw01ses10072019010420190127/7F
2019-01-27,pw01ses10082019020220190127/14
2019-02-02,pw01ses10052019010320190202/1A
2019-02-02,pw01ses10072019010520190202/94
2019-02-02,pw01ses10082019020320190202/29
2019-02-03,pw01ses10052019010420190203/08
2019-02-03,pw01ses10072019010620190203/82
2019-02-03,pw01ses10082019020420190203/17
2019-02-09,pw01ses10082019020520190209/6C
2019-02-09,pw01ses10102019010120190209/48
2019-02-10,pw01ses10052019010620190210/95
2019-02-10,pw01ses10082019020620190210/A4
2019-02-10,pw01ses10102019010220190210/80
2019-02-11,pw01ses10052019010520190211/9D
2019-02-16,pw01ses10052019010720190216/EA
2019-02-16,pw01ses10082019020720190216/F9
2019-02-16,pw01ses10102019010320190216/D5
2019-02-17,pw01ses10052019010820190217/D8
2019-02-17,pw01ses10082019020820190217/E7
2019-02-17,pw01ses10102019010420190217/C3
2019-02-23,pw01ses10062019020120190223/5A
2019-02-23,pw01ses10092019010120190223/07
2019-02-23,pw01ses10102019010520190223/62
2019-02-24,pw01ses10062019020220190224/48
2019-02-24,pw01ses10092019010220190224/F5
2019-02-24,pw01ses10102019010620190224/50
2019-03-02,pw01ses10062019020320190302/CE
2019-03-02,pw01ses10092019010320190302/7B
2019-03-02,pw01ses10102019010720190302/D6
2019-03-03,pw01ses10062019020420190303/BC
2019-03-03,pw01ses10092019010420190303/69
2019-03-03,pw01ses10102019010820190303/C4
2019-03-09,pw01ses10062019020520190309/11
2019-03-09,pw01ses10072019020120190309/8F
2019-03-09,pw01ses10092019010520190309/BE
2019-03-10,pw01ses10062019020620190310/49
2019-03-10,pw01ses10072019020220190310/C7
2019-03-10,pw01ses10092019010620190310/F6
2019-03-16,pw01ses10062019020720190316/9E
2019-03-16,pw01ses10072019020320190316/1C
2019-03-16,pw01ses10092019010720190316/4B
2019-03-17,pw01ses10062019020820190317/8C
2019-03-17,pw01ses10072019020420190317/0A
2019-03-17,pw01ses10092019010820190317/39
2019-03-23,pw01ses10062019030120190323/C4
2019-03-23,pw01ses10072019020520190323/A9
2019-03-23,pw01ses10092019020120190323/71
2019-03-24,pw01ses10062019030220190324/B2
2019-03-24,pw01ses10072019020620190324/97
2019-03-24,pw01ses10092019020220190324/5F
2019-03-30,pw01ses10062019030320190330/51
2019-03-30,pw01ses10092019020320190330/FE
2019-03-31,pw01ses10062019030420190331/3F
2019-03-31,pw01ses10092019020420190331/EC
2019-04-06,pw01ses10032019010120190406/FE
2019-04-06,pw01ses10062019030520190406/0A
2019-04-06,pw01ses10092019020520190406/B7
2019-04-07,pw01ses10032019010220190407/EC
2019-04-07,pw01ses10062019030620190407/F8
2019-04-07,pw01ses10092019020620190407/A5
2019-04-13,pw01ses10032019010320190413/8B
2019-04-13,pw01ses10062019030720190413/97
2019-04-13,pw01ses10092019020720190413/44
2019-04-14,pw01ses10032019010420190414/79
2019-04-14,pw01ses10062019030820190414/85
2019-04-14,pw01ses10092019020820190414/32
2019-04-20,pw01ses10032019010520190420/18
2019-04-20,pw01ses10052019020120190420/11
2019-04-20,pw01ses10082019030120190420/20
2019-04-21,pw01ses10032019010620190421/06
2019-04-21,pw01ses10052019020220190421/FF
2019-04-21,pw01ses10082019030220190421/0E
2019-04-27,pw01ses10042019010120190427/F3
2019-04-27,pw01ses10052019020320190427/54
2019-04-28,pw01ses10052019020420190428/42
2019-04-28,pw01ses10082019030320190428/DE
2019-04-29,pw01ses10042019010220190429/5C
2019-04-29,pw01ses10082019030420190429/CC
2019-05-04,pw01ses10042019010320190504/71
2019-05-04,pw01ses10052019020520190504/D2
2019-05-04,pw01ses10082019030520190504/E1
2019-05-05,pw01ses10042019010420190505/5F
2019-05-05,pw01ses10052019020620190505/C0
2019-05-05,pw01ses10082019030620190505/CF
2019-05-11,pw01ses10042019010520190511/FE
2019-05-11,pw01ses10052019020720190511/5F
2019-05-11,pw01ses10082019030720190511/6E
2019-05-12,pw01ses10042019010620190512/EC
2019-05-12,pw01ses10052019020820190512/4D
2019-05-12,pw01ses10082019030820190512/5C
2019-05-18,pw01ses10042019010720190518/41
2019-05-18,pw01ses10052019020920190518/A2
2019-05-18,pw01ses10082019030920190518/B1
2019-05-19,pw01ses10042019010820190519/2F
2019-05-19,pw01ses10052019021020190519/22
2019-05-19,pw01ses10082019031020190519/31
2019-05-25,pw01ses10052019021120190525/C1
2019-05-25,pw01ses10082019031120190525/D0
2019-05-26,pw01ses10052019021220190526/AF
2019-05-26,pw01ses10082019031220190526/BE
2019-06-01,pw01ses10052019030120190601/FF
2019-06-01,pw01ses10092019030120190601/27
2019-06-02,pw01ses10052019030220190602/ED
2019-06-02,pw01ses10092019030220190602/15
2019-06-08,pw01ses10052019030320190608/42
2019-06-08,pw01ses10092019030320190608/6A
2019-06-09,pw01ses10052019030420190609/30
2019-06-09,pw01ses10092019030420190609/58
2019-06-15,pw01ses10022019010120190615/C3
2019-06-15,pw01ses10052019030520190615/CF
2019-06-15,pw01ses10092019030520190615/F7
2019-06-16,pw01ses10022019010220190616/B1
2019-06-16,pw01ses10052019030620190616/BD
2019-06-16,pw01ses10092019030620190616/E5
2019-06-22,pw01ses10022019010320190622/50
2019-06-22,pw01ses10052019030720190622/5C
2019-06-22,pw01ses10092019030720190622/84
2019-06-23,pw01ses10022019010420190623/3E
2019-06-23,pw01ses10052019030820190623/4A
2019-06-23,pw01ses10092019030820190623/72
2019-06-29,pw01ses10022019010520190629/93
2019-06-29,pw01ses10032019020120190629/42
2019-06-29,pw01ses10072019030120190629/9B
2019-06-30,pw01ses10022019010620190630/CB
2019-06-30,pw01ses10032019020220190630/7A
2019-06-30,pw01ses10072019030220190630/D3
2019-07-06,pw01ses10022019020120190706/90
2019-07-06,pw01ses10032019020320190706/C0
2019-07-06,pw01ses10072019030320190706/19
2019-07-07,pw01ses10022019020220190707/7E
2019-07-07,pw01ses10032019020420190707/AE
2019-07-07,pw01ses10072019030420190707/07
2019-07-13,pw01ses10022019020320190713/1D
2019-07-13,pw01ses10032019020520190713/4D
2019-07-13,pw01ses10072019030520190713/A6
2019-07-14,pw01ses10022019020420190714/0B
2019-07-14,pw01ses10032019020620190714/3B
2019-07-14,pw01ses10072019030620190714/94
2019-07-20,pw01ses10022019020520190720/AA
2019-07-20,pw01ses10032019020720190720/DA
2019-07-20,pw01ses10072019030720190720/33
2019-07-21,pw01ses10022019020620190721/98
2019-07-21,pw01ses10032019020820190721/C8
2019-07-21,pw01ses10072019030820190721/21
2019-07-27,pw01ses10012019010120190727/C0
2019-07-27,pw01ses10042019020120190727/CF
2019-07-27,pw01ses10102019020120190727/D0
2019-07-28,pw01ses10012019010220190728/AE
2019-07-28,pw01ses10042019020220190728/BD
2019-07-28,pw01ses10102019020220190728/BE
2019-08-03,pw01ses10012019010320190803/C3
2019-08-03,pw01ses10042019020320190803/D2
2019-08-03,pw01ses10102019020320190803/D3
2019-08-04,pw01ses10012019010420190804/B1
2019-08-04,pw01ses10042019020420190804/C0
2019-08-04,pw01ses10102019020420190804/C1
2019-08-10,pw01ses10012019010520190810/50
2019-08-10,pw01ses10042019020520190810/5F
2019-08-10,pw01ses10102019020520190810/60
2019-08-11,pw01ses10012019010620190811/3E
2019-08-11,pw01ses10042019020620190811/4D
2019-08-11,pw01ses10102019020620190811/4E
2019-08-17,pw01ses10012019020120190817/12
2019-08-17,pw01ses10042019020720190817/A2
2019-08-17,pw01ses10102019020720190817/A3
2019-08-18,pw01ses10012019020220190818/00
2019-08-18,pw01ses10042019020820190818/90
2019-08-18,pw01ses10102019020820190818/91
2019-08-24,pw01ses10012019020320190824/9F
2019-08-24,pw01ses10042019020920190824/2F
2019-08-24,pw01ses10102019020920190824/30
2019-08-25,pw01ses10012019020420190825/8D
2019-08-25,pw01ses10042019021020190825/AF
2019-08-25,pw01ses10102019021020190825/B0
2019-08-31,pw01ses10012019020520190831/2C
2019-08-31,pw01ses10042019021120190831/4E
2019-08-31,pw01ses10102019021120190831/4F
2019-09-01,pw01ses10012019020620190901/90
2019-09-01,pw01ses10042019021220190901/B2
2019-09-01,pw01ses10102019021220190901/B3
2019-09-07,pw01ses10062019040120190907/07
2019-09-07,pw01ses10092019040120190907/E5
2019-09-08,pw01ses10062019040220190908/F5
2019-09-08,pw01ses10092019040220190908/D3
2019-09-14,pw01ses10062019040320190914/94
2019-09-14,pw01ses10092019040320190914/72
2019-09-15,pw01ses10062019040420190915/82
2019-09-15,pw01ses10092019040420190915/60
2019-09-16,pw01ses10062019040520190916/70
2019-09-16,pw01ses10092019040520190916/4E
2019-09-21,pw01ses10062019040620190921/94
2019-09-21,pw01ses10092019040620190921/72
2019-09-22,pw01ses10062019040720190922/82
2019-09-22,pw01ses10092019040720190922/60
2019-09-28,pw01ses10062019040820190928/D7
2019-09-28,pw01ses10092019040820190928/B5
2019-09-29,pw01ses10062019040920190929/C5
2019-09-29,pw01ses10092019040920190929/A3
2019-10-05,pw01ses10042019030120191005/21
2019-10-05,pw01ses10052019040120191005/9C
2019-10-05,pw01ses10082019040120191005/7A
2019-10-06,pw01ses10042019030220191006/0F
2019-10-06,pw01ses10052019040220191006/8A
2019-10-06,pw01ses10082019040220191006/68
2019-10-12,pw01ses10082019040320191012/07
2019-10-13,pw01ses10082019040420191013/F5
2019-10-14,pw01ses10052019040520191014/05
2019-10-14,pw01ses10082019040520191014/E3
2019-10-15,pw01ses10052019040320191015/9A
2019-10-19,pw01ses10042019030320191019/0B
2019-10-19,pw01ses10052019040620191019/DF
2019-10-19,pw01ses10082019040620191019/BD
2019-10-20,pw01ses10042019030420191020/43
2019-10-20,pw01ses10052019040720191020/17
2019-10-20,pw01ses10082019040720191020/F5
2019-10-21,pw01ses10052019040420191021/39
2019-10-26,pw01ses10042019030520191026/98
2019-10-26,pw01ses10052019040820191026/6C
2019-10-26,pw01ses10082019040820191026/4A
2019-10-27,pw01ses10042019030620191027/86
2019-10-27,pw01ses10052019040920191027/5A
2019-10-27,pw01ses10082019040920191027/38
2019-11-02,pw01ses10032019030120191102/9F
2019-11-02,pw01ses10052019050120191102/95
2019-11-02,pw01ses10082019050120191102/73
2019-11-03,pw01ses10032019030220191103/8D
2019-11-03,pw01ses10052019050220191103/83
2019-11-03,pw01ses10082019050220191103/61
2019-11-09,pw01ses10032019030320191109/E2
2019-11-09,pw01ses10052019050320191109/D8
2019-11-09,pw01ses10082019050320191109/B6
2019-11-10,pw01ses10032019030420191110/1A
2019-11-10,pw01ses10052019050420191110/10
2019-11-10,pw01ses10082019050420191110/EE
2019-11-16,pw01ses10032019030520191116/6F
2019-11-16,pw01ses10052019050520191116/65
2019-11-16,pw01ses10082019050520191116/43
2019-11-17,pw01ses10032019030620191117/5D
2019-11-17,pw01ses10052019050620191117/53
2019-11-17,pw01ses10082019050620191117/31
2019-11-23,pw01ses10052019050720191123/F2
2019-11-23,pw01ses10082019050720191123/D0
2019-11-24,pw01ses10052019050820191124/E0
2019-11-24,pw01ses10082019050820191124/BE
2019-11-30,pw01ses10062019050120191130/31
2019-11-30,pw01ses10072019040120191130/4A
2019-11-30,pw01ses10092019050120191130/0F
2019-12-01,pw01ses10062019050220191201/10
2019-12-01,pw01ses10072019040220191201/29
2019-12-01,pw01ses10092019050220191201/EE
2019-12-07,pw01ses10062019050320191207/65
2019-12-07,pw01ses10072019040320191207/7E
2019-12-07,pw01ses10092019050320191207/43
2019-12-08,pw01ses10062019050420191208/53
2019-12-08,pw01ses10072019040420191208/6C
2019-12-08,pw01ses10092019050420191208/31
2019-12-14,pw01ses10062019050520191214/F2
2019-12-14,pw01ses10072019040520191214/0B
2019-12-14,pw01ses10092019050520191214/D0
2019-12-15,pw01ses10062019050620191215/E0
2019-12-15,pw01ses10072019040620191215/F9
2019-12-15,pw01ses10092019050620191215/BE
2019-12-21,pw01ses10062019050720191221/7F
2019-12-21,pw01ses10092019050720191221/5D
2019-12-22,pw01ses10062019050820191222/6D
2019-12-22,pw01ses10092019050820191222/4B
2019-12-28,pw01ses10062019050920191228/C2
2019-12-28,pw01ses10092019050920191228/A0
2020-01-05,pw01ses10062020010120200105/0A
2020-01-05,pw01ses10082020010120200105/9E
2020-01-06,pw01ses10062020010220200106/F8
2020-01-06,pw01ses10082020010220200106/8C
2020-01-11,pw01ses10062020010320200111/1C
2020-01-11,pw01ses10082020010320200111/B0
2020-01-12,pw01ses10062020010420200112/0A
2020-01-12,pw01ses10082020010420200112/9E
2020-01-13,pw01ses10062020010520200113/F8
2020-01-13,pw01ses10082020010520200113/8C
2020-01-18,pw01ses10062020010620200118/D2
2020-01-18,pw01ses10082020010620200118/66
2020-01-18,pw01ses10102020010120200118/00
2020-01-19,pw01ses10062020010720200119/C0
2020-01-19,pw01ses10082020010720200119/54
2020-01-19,pw01ses10102020010220200119/EE
2020-01-25,pw01ses10062020010820200125/5F
2020-01-25,pw01ses10082020010820200125/F3
2020-01-25,pw01ses10102020010320200125/8D
2020-01-26,pw01ses10062020010920200126/4D
2020-01-26,pw01ses10082020010920200126/E1
2020-01-26,pw01ses10102020010420200126/7B
2020-02-01,pw01ses10052020010120200201/0D
2020-02-01,pw01ses10082020020120200201/1C
2020-02-01,pw01ses10102020010520200201/90
2020-02-02,pw01ses10052020010220200202/FB
2020-02-02,pw01ses10082020020220200202/0A
2020-02-02,pw01ses10102020010620200202/7E
2020-02-08,pw01ses10052020010320200208/50
2020-02-08,pw01ses10082020020320200208/5F
2020-02-08,pw01ses10102020010720200208/D3
2020-02-09,pw01ses10052020010420200209/3E
2020-02-09,pw01ses10082020020420200209/4D
2020-02-09,pw01ses10102020010820200209/C1
2020-02-15,pw01ses10052020010520200215/DD
2020-02-15,pw01ses10082020020520200215/EC
2020-02-15,pw01ses10102020010920200215/60
2020-02-16,pw01ses10052020010620200216/CB
2020-02-16,pw01ses10082020020620200216/DA
2020-02-16,pw01ses10102020011020200216/E0
2020-02-22,pw01ses10052020010720200222/6A
2020-02-22,pw01ses10082020020720200222/79
2020-02-22,pw01ses10102020011120200222/7F
2020-02-23,pw01ses10052020010820200223/58
2020-02-23,pw01ses10082020020820200223/67
2020-02-23,pw01ses10102020011220200223/6D
2020-02-29,pw01ses10062020020120200229/90
2020-02-29,pw01ses10072020010120200229/A9
2020-02-29,pw01ses10092020010120200229/3D
2020-03-01,pw01ses10062020020220200301/34
2020-03-01,pw01ses10072020010220200301/4D
2020-03-01,pw01ses10092020010220200301/E1
2020-03-07,pw01ses10062020020320200307/89
2020-03-07,pw01ses10072020010320200307/A2
2020-03-07,pw01ses10092020010320200307/36
2020-03-08,pw01ses10062020020420200308/77
2020-03-08,pw01ses10072020010420200308/90
2020-03-08,pw01ses10092020010420200308/24
2020-03-14,pw01ses10062020020520200314/16
2020-03-14,pw01ses10072020010520200314/2F
2020-03-14,pw01ses10092020010520200314/C3
2020-03-15,pw01ses10062020020620200315/04
2020-03-15,pw01ses10072020010620200315/1D
2020-03-15,pw01ses10092020010620200315/B1
2020-03-20,pw01ses10062020020720200320/28
2020-03-20,pw01ses10092020010720200320/D5
2020-03-21,pw01ses10062020020820200321/16
2020-03-21,pw01ses10092020010820200321/C3
2020-03-22,pw01ses10062020020920200322/04
2020-03-22,pw01ses10092020010920200322/B1
2020-03-28,pw01ses10062020030120200328/7F
2020-03-28,pw01ses10072020010720200328/19
2020-03-28,pw01ses10092020020120200328/2C
2020-03-29,pw01ses10062020030220200329/6D
2020-03-29,pw01ses10072020010820200329/07
2020-03-29,pw01ses10092020020220200329/1A
2020-03-31,pw01ses10062020030220200331/AD
2020-04-04,pw01ses10062020030320200404/82
2020-04-04,pw01ses10092020020320200404/2F
2020-04-05,pw01ses10062020030420200405/70
2020-04-05,pw01ses10092020020420200405/1D
2020-04-11,pw01ses10032020010120200411/03
2020-04-11,pw01ses10062020030520200411/0F
2020-04-11,pw01ses10092020020520200411/BC
2020-04-12,pw01ses10032020010220200412/F1
2020-04-12,pw01ses10062020030620200412/FD
2020-04-12,pw01ses10092020020620200412/AA
2020-04-18,pw01ses10032020010320200418/46
2020-04-18,pw01ses10062020030720200418/52
2020-04-18,pw01ses10092020020720200418/FF
2020-04-19,pw01ses10032020010420200419/34
2020-04-19,pw01ses10062020030820200419/40
2020-04-19,pw01ses10092020020820200419/ED
2020-04-25,pw01ses10032020010520200425/D3
2020-04-25,pw01ses10052020020120200425/CC
2020-04-25,pw01ses10082020030120200425/DB
2020-04-26,pw01ses10032020010620200426/C1
2020-04-26,pw01ses10052020020220200426/BA
2020-04-26,pw01ses10082020030220200426/C9
2020-05-02,pw01ses10032020010720200502/51
2020-05-02,pw01ses10052020020320200502/4A
2020-05-02,pw01ses10082020030320200502/59
2020-05-03,pw01ses10032020010820200503/3F
2020-05-03,pw01ses10052020020420200503/38
2020-05-03,pw01ses10082020030420200503/47
2020-05-09,pw01ses10042020010120200509/46
2020-05-09,pw01ses10052020020520200509/8D
2020-05-09,pw01ses10082020030520200509/9C
2020-05-10,pw01ses10042020010220200510/7E
2020-05-10,pw01ses10052020020620200510/C5
2020-05-10,pw01ses10082020030620200510/D4
2020-05-16,pw01ses10042020010320200516/D3
2020-05-16,pw01ses10052020020720200516/1A
2020-05-16,pw01ses10082020030720200516/29
2020-05-17,pw01ses10042020010420200517/C1
2020-05-17,pw01ses10052020020820200517/08
2020-05-17,pw01ses10082020030820200517/17
2020-05-23,pw01ses10042020010520200523/60
2020-05-23,pw01ses10052020020920200523/A7
2020-05-23,pw01ses10082020030920200523/B6
2020-05-24,pw01ses10042020010620200524/4E
2020-05-24,pw01ses10052020021020200524/27
2020-05-24,pw01ses10082020031020200524/36
2020-05-30,pw01ses10052020021120200530/C6
2020-05-30,pw01ses10082020031120200530/D5
2020-05-31,pw01ses10052020021220200531/B4
2020-05-31,pw01ses10082020031220200531/C3
2020-06-06,pw01ses10052020030120200606/BA
2020-06-06,pw01ses10092020030120200606/E2
2020-06-07,pw01ses10052020030220200607/A8
2020-06-07,pw01ses10092020030220200607/D0
2020-06-13,pw01ses10022020010120200613/21
2020-06-13,pw01ses10052020030320200613/47
2020-06-13,pw01ses10092020030320200613/6F
2020-06-14,pw01ses10022020010220200614/0F
2020-06-14,pw01ses10052020030420200614/35
2020-06-14,pw01ses10092020030420200614/5D
2020-06-20,pw01ses10022020010320200620/AE
2020-06-20,pw01ses10052020030520200620/D4
2020-06-20,pw01ses10092020030520200620/FC
2020-06-21,pw01ses10022020010420200621/9C
2020-06-21,pw01ses10052020030620200621/C2
2020-06-21,pw01ses10092020030620200621/EA
2020-06-27,pw01ses10022020010520200627/F1
2020-06-27,pw01ses10052020030720200627/17
2020-06-27,pw01ses10092020030720200627/3F
2020-06-28,pw01ses10022020010620200628/DF
2020-06-28,pw01ses10052020030820200628/05
2020-06-28,pw01ses10092020030820200628/2D
2020-07-04,pw01ses10022020020120200704/EE
2020-07-04,pw01ses10032020020120200704/38
2020-07-04,pw01ses10092020040120200704/56
2020-07-05,pw01ses10022020020220200705/DC
2020-07-05,pw01ses10032020020220200705/26
2020-07-05,pw01ses10092020040220200705/44
2020-07-11,pw01ses10022020020320200711/7B
2020-07-11,pw01ses10032020020320200711/C5
2020-07-11,pw01ses10092020040320200711/E3
2020-07-12,pw01ses10022020020420200712/69
2020-07-12,pw01ses10032020020420200712/B3
2020-07-12,pw01ses10092020040420200712/D1
2020-07-18,pw01ses10022020020520200718/BE
2020-07-18,pw01ses10032020020520200718/08
2020-07-18,pw01ses10092020040520200718/26
2020-07-19,pw01ses10022020020620200719/AC
2020-07-19,pw01ses10032020020620200719/F6
2020-07-19,pw01ses10092020040620200719/14
2020-07-25,pw01ses10012020010120200725/1E
2020-07-25,pw01ses10042020020120200725/2D
2020-07-26,pw01ses10012020010220200726/0C
2020-07-26,pw01ses10042020020220200726/1B
2020-08-01,pw01ses10012020010320200801/21
2020-08-01,pw01ses10042020020320200801/30
2020-08-02,pw01ses10012020010420200802/0F
2020-08-02,pw01ses10042020020420200802/1E
2020-08-08,pw01ses10012020010520200808/64
2020-08-08,pw01ses10042020020520200808/73
2020-08-09,pw01ses10012020010620200809/52
2020-08-09,pw01ses10042020020620200809/61
2020-08-15,pw01ses10012020020120200815/70
2020-08-15,pw01ses10042020030120200815/7F
2020-08-15,pw01ses10102020020120200815/4F
2020-08-16,pw01ses10012020020220200816/5E
2020-08-16,pw01ses10042020030220200816/6D
2020-08-16,pw01ses10102020020220200816/3D
2020-08-22,pw01ses10012020020320200822/FD
2020-08-22,pw01ses10042020030320200822/0C
2020-08-22,pw01ses10102020020320200822/DC
2020-08-23,pw01ses10012020020420200823/EB
2020-08-23,pw01ses10042020030420200823/FA
2020-08-23,pw01ses10102020020420200823/CA
2020-08-29,pw01ses10012020020520200829/40
2020-08-29,pw01ses10042020030520200829/4F
2020-08-29,pw01ses10102020020520200829/1F
2020-08-30,pw01ses10012020020620200830/78
2020-08-30,pw01ses10042020030620200830/87
2020-08-30,pw01ses10102020020620200830/57
2020-09-05,pw01ses10012020020720200905/43
2020-09-05,pw01ses10042020030720200905/52
2020-09-05,pw01ses10102020020720200905/22
2020-09-06,pw01ses10012020020820200906/31
2020-09-06,pw01ses10042020030820200906/40
2020-09-06,pw01ses10102020020820200906/10
2020-09-12,pw01ses10062020040120200912/0C
2020-09-12,pw01ses10072020020120200912/F4
2020-09-13,pw01ses10062020040220200913/FA
2020-09-13,pw01ses10072020020220200913/E2
2020-09-19,pw01ses10062020040320200919/4F
2020-09-19,pw01ses10072020020320200919/37
2020-09-20,pw01ses10062020040420200920/87
2020-09-20,pw01ses10072020020420200920/6F
2020-09-21,pw01ses10062020040520200921/75
2020-09-21,pw01ses10072020020520200921/5D
2020-09-26,pw01ses10062020040620200926/4F
2020-09-26,pw01ses10072020020620200926/37
2020-09-27,pw01ses10062020040720200927/3D
2020-09-27,pw01ses10072020020720200927/25
2020-10-03,pw01ses10062020040820201003/69
2020-10-03,pw01ses10072020020820201003/51
2020-10-04,pw01ses10062020040920201004/57
2020-10-04,pw01ses10072020020920201004/3F
2020-10-10,pw01ses10042020040120201010/57
2020-10-10,pw01ses10052020040120201010/A1
2020-10-10,pw01ses10082020040120201010/7F
2020-10-11,pw01ses10042020040220201011/45
2020-10-11,pw01ses10052020040220201011/8F
2020-10-11,pw01ses10082020040220201011/6D
2020-10-17,pw01ses10042020040320201017/9A
2020-10-17,pw01ses10052020040320201017/E4
2020-10-17,pw01ses10082020040320201017/C2
2020-10-18,pw01ses10042020040420201018/88
2020-10-18,pw01ses10052020040420201018/D2
2020-10-18,pw01ses10082020040420201018/B0
2020-10-24,pw01ses10042020040520201024/27
2020-10-24,pw01ses10052020040520201024/71
2020-10-24,pw01ses10082020040520201024/4F
2020-10-25,pw01ses10042020040620201025/15
2020-10-25,pw01ses10052020040620201025/5F
2020-10-25,pw01ses10082020040620201025/3D
2020-10-31,pw01ses10032020030120201031/87
2020-10-31,pw01ses10052020040720201031/FE
2020-10-31,pw01ses10082020040720201031/DC
2020-11-01,pw01ses10032020030220201101/EB
2020-11-01,pw01ses10052020040820201101/62
2020-11-01,pw01ses10082020040820201101/40
2020-11-07,pw01ses10032020030320201107/40
2020-11-07,pw01ses10052020050120201107/50
2020-11-07,pw01ses10092020050120201107/78
2020-11-08,pw01ses10032020030420201108/2E
2020-11-08,pw01ses10052020050220201108/3E
2020-11-08,pw01ses10092020050220201108/66
2020-11-14,pw01ses10032020030520201114/CD
2020-11-14,pw01ses10052020050320201114/DD
2020-11-14,pw01ses10092020050320201114/05
2020-11-15,pw01ses10032020030620201115/BB
2020-11-15,pw01ses10052020050420201115/CB
2020-11-15,pw01ses10092020050420201115/F3
2020-11-21,pw01ses10052020050520201121/6A
2020-11-21,pw01ses10092020050520201121/92
2020-11-22,pw01ses10052020050620201122/58
2020-11-22,pw01ses10092020050620201122/80
2020-11-23,pw01ses10052020050720201123/46
2020-11-23,pw01ses10092020050720201123/6E
2020-11-28,pw01ses10052020050820201128/20
2020-11-28,pw01ses10092020050820201128/48
2020-11-29,pw01ses10052020050920201129/0E
2020-11-29,pw01ses10092020050920201129/36
2020-12-05,pw01ses10062020050120201205/DD
2020-12-05,pw01ses10072020030120201205/C5
2020-12-05,pw01ses10092020060120201205/EC
2020-12-06,pw01ses10062020050220201206/CB
2020-12-06,pw01ses10072020030220201206/B3
2020-12-06,pw01ses10092020060220201206/DA
2020-12-12,pw01ses10062020050320201212/6A
2020-12-12,pw01ses10072020030320201212/52
2020-12-12,pw01ses10092020060320201212/79
2020-12-13,pw01ses10062020050420201213/58
2020-12-13,pw01ses10072020030420201213/40
2020-12-13,pw01ses10092020060420201213/67
2020-12-19,pw01ses10062020050520201219/AD
2020-12-19,pw01ses10072020030520201219/95
2020-12-19,pw01ses10092020060520201219/BC
2020-12-20,pw01ses10062020050620201220/E5
2020-12-20,pw01ses10072020030620201220/CD
2020-12-20,pw01ses10092020060620201220/F4
2020-12-26,pw01ses10062020050720201226/3A
2020-12-26,pw01ses10092020060720201226/49
2020-12-27,pw01ses10062020050820201227/28
2020-12-27,pw01ses10092020060820201227/37
2021-01-05,pw01ses10062021010120210105/CF
2021-01-05,pw01ses10072021010120210105/19
2021-01-09,pw01ses10062021010220210109/2E
2021-01-09,pw01ses10072021010220210109/78
2021-01-10,pw01ses10062021010320210110/66
2021-01-10,pw01ses10072021010320210110/B0
2021-01-11,pw01ses10062021010420210111/54
2021-01-11,pw01ses10072021010420210111/9E
2021-01-16,pw01ses10062021010520210116/2E
2021-01-16,pw01ses10072021010520210116/78
2021-01-16,pw01ses10102021010120210116/CF
2021-01-17,pw01ses10062021010620210117/1C
2021-01-17,pw01ses10072021010620210117/66
2021-01-17,pw01ses10102021010220210117/BD
2021-01-23,pw01ses10062021010720210123/BB
2021-01-23,pw01ses10072021010720210123/05
2021-01-23,pw01ses10102021010320210123/5C
2021-01-24,pw01ses10062021010820210124/A9
2021-01-24,pw01ses10072021010820210124/F3
2021-01-24,pw01ses10102021010420210124/4A
2021-01-30,pw01ses10052021010120210130/66
2021-01-30,pw01ses10072021010920210130/92
2021-01-30,pw01ses10102021010520210130/E9
2021-01-31,pw01ses10052021010220210131/54
2021-01-31,pw01ses10072021011020210131/12
2021-01-31,pw01ses10102021010620210131/D7
2021-02-06,pw01ses10052021010320210206/1F
2021-02-06,pw01ses10072021011120210206/DD
2021-02-06,pw01ses10102021010720210206/A2
2021-02-07,pw01ses10052021010420210207/0D
2021-02-07,pw01ses10072021011220210207/CB
2021-02-07,pw01ses10102021010820210207/90
2021-02-13,pw01ses10052021010520210213/AC
2021-02-13,pw01ses10092021010120210213/08
2021-02-13,pw01ses10102021020120210213/C8
2021-02-14,pw01ses10052021010620210214/9A
2021-02-14,pw01ses10092021010220210214/F6
2021-02-14,pw01ses10102021020220210214/B6
2021-02-20,pw01ses10052021010720210220/39
2021-02-20,pw01ses10092021010320210220/95
2021-02-20,pw01ses10102021020320210220/55
2021-02-21,pw01ses10052021010820210221/27
2021-02-21,pw01ses10092021010420210221/83
2021-02-21,pw01ses10102021020420210221/43
2021-02-27,pw01ses10062021020120210227/5F
2021-02-27,pw01ses10092021010520210227/D8
2021-02-27,pw01ses10102021020520210227/98
2021-02-28,pw01ses10062021020220210228/4D
2021-02-28,pw01ses10092021010620210228/C6
2021-02-28,pw01ses10102021020620210228/86
2021-03-06,pw01ses10062021020320210306/D3
2021-03-06,pw01ses10092021010720210306/4C
2021-03-06,pw01ses10102021020720210306/0C
2021-03-07,pw01ses10062021020420210307/C1
2021-03-07,pw01ses10092021010820210307/3A
2021-03-07,pw01ses10102021020820210307/FA
2021-03-13,pw01ses10062021020520210313/60
2021-03-13,pw01ses10072021020120210313/DE
2021-03-13,pw01ses10092021010920210313/D9
2021-03-14,pw01ses10062021020620210314/4E
2021-03-14,pw01ses10072021020220210314/CC
2021-03-14,pw01ses10092021011020210314/59
2021-03-20,pw01ses10062021020720210320/ED
2021-03-20,pw01ses10072021020320210320/6B
2021-03-20,pw01ses10092021011120210320/F8
2021-03-21,pw01ses10062021020820210321/DB
2021-03-21,pw01ses10072021020420210321/59
2021-03-21,pw01ses10092021011220210321/E6
2021-03-27,pw01ses10062021030120210327/C9
2021-03-27,pw01ses10072021020520210327/AE
2021-03-27,pw01ses10092021020120210327/76
2021-03-28,pw01ses10062021030220210328/B7
2021-03-28,pw01ses10072021020620210328/9C
2021-03-28,pw01ses10092021020220210328/64
2021-04-03,pw01ses10062021030320210403/CC
2021-04-03,pw01ses10092021020320210403/79
2021-04-04,pw01ses10062021030420210404/BA
2021-04-04,pw01ses10092021020420210404/67
2021-04-10,pw01ses10042021010120210410/97
2021-04-10,pw01ses10062021030520210410/59
2021-04-10,pw01ses10092021020520210410/06
2021-04-11,pw01ses10042021010220210411/85
2021-04-11,pw01ses10062021030620210411/47
2021-04-11,pw01ses10092021020620210411/F4
2021-04-17,pw01ses10042021010320210417/DA
2021-04-17,pw01ses10062021030720210417/9C
2021-04-17,pw01ses10092021020720210417/49
2021-04-18,pw01ses10042021010420210418/C8
2021-04-18,pw01ses10062021030820210418/8A
2021-04-18,pw01ses10092021020820210418/37
2021-04-24,pw01ses10042021010520210424/67
2021-04-24,pw01ses10052021020120210424/16
2021-04-24,pw01ses10092021020920210424/D6
2021-04-25,pw01ses10042021010620210425/55
2021-04-25,pw01ses10052021020220210425/04
2021-04-25,pw01ses10092021021020210425/56
2021-05-01,pw01ses10042021010720210501/E5
2021-05-01,pw01ses10052021020320210501/94
2021-05-01,pw01ses10092021021120210501/E6
2021-05-02,pw01ses10042021010820210502/D3
2021-05-02,pw01ses10052021020420210502/82
2021-05-02,pw01ses10092021021220210502/D4
2021-05-08,pw01ses10042021020120210508/C1
2021-05-08,pw01ses10052021020520210508/D7
2021-05-08,pw01ses10072021030120210508/D0
2021-05-09,pw01ses10042021020220210509/AF
2021-05-09,pw01ses10052021020620210509/C5
2021-05-09,pw01ses10072021030220210509/BE
2021-05-15,pw01ses10042021020320210515/4E
2021-05-15,pw01ses10052021020720210515/64
2021-05-15,pw01ses10072021030320210515/5D
2021-05-16,pw01ses10042021020420210516/3C
2021-05-16,pw01ses10052021020820210516/52
2021-05-16,pw01ses10072021030420210516/4B
2021-05-22,pw01ses10042021020520210522/DB
2021-05-22,pw01ses10052021020920210522/F1
2021-05-22,pw01ses10072021030520210522/EA
2021-05-23,pw01ses10042021020620210523/C9
2021-05-23,pw01ses10052021021020210523/71
2021-05-23,pw01ses10072021030620210523/D8
2021-05-29,pw01ses10052021021120210529/C6
2021-05-29,pw01ses10072021030720210529/2D
2021-05-30,pw01ses10052021021220210530/FE
2021-05-30,pw01ses10072021030820210530/65
2021-06-05,pw01ses10052021030120210605/04
2021-06-05,pw01ses10072021040120210605/C9
2021-06-06,pw01ses10052021030220210606/F2
2021-06-06,pw01ses10072021040220210606/B7
2021-06-12,pw01ses10012021010120210612/21
2021-06-12,pw01ses10052021030320210612/91
2021-06-12,pw01ses10072021040320210612/56
2021-06-13,pw01ses10012021010220210613/0F
2021-06-13,pw01ses10052021030420210613/7F
2021-06-13,pw01ses10072021040420210613/44
2021-06-19,pw01ses10012021010320210619/64
2021-06-19,pw01ses10052021030520210619/D4
2021-06-19,pw01ses10092021030120210619/30
2021-06-20,pw01ses10012021010420210620/9C
2021-06-20,pw01ses10052021030620210620/0C
2021-06-20,pw01ses10092021030220210620/68
2021-06-26,pw01ses10012021010520210626/F1
2021-06-26,pw01ses10052021030720210626/61
2021-06-26,pw01ses10092021030320210626/BD
2021-06-27,pw01ses10012021010620210627/DF
2021-06-27,pw01ses10052021030820210627/4F
2021-06-27,pw01ses10092021030420210627/AB
2021-07-03,pw01ses10022021010120210703/07
2021-07-03,pw01ses10032021010120210703/51
2021-07-03,pw01ses10102021030120210703/FE
2021-07-04,pw01ses10022021010220210704/F5
2021-07-04,pw01ses10032021010220210704/3F
2021-07-04,pw01ses10102021030220210704/EC
2021-07-10,pw01ses10022021010320210710/94
2021-07-10,pw01ses10032021010320210710/DE
2021-07-10,pw01ses10102021030320210710/8B
2021-07-11,pw01ses10022021010420210711/82
2021-07-11,pw01ses10032021010420210711/CC
2021-07-11,pw01ses10102021030420210711/79
2021-07-17,pw01ses10022021010520210717/D7
2021-07-17,pw01ses10032021010520210717/21
2021-07-17,pw01ses10102021030520210717/CE
2021-07-18,pw01ses10022021010620210718/C5
2021-07-18,pw01ses10032021010620210718/0F
2021-07-18,pw01ses10102021030620210718/BC
2021-07-24,pw01ses10022021010720210724/64
2021-07-24,pw01ses10042021030120210724/A8
2021-07-25,pw01ses10022021010820210725/52
2021-07-25,pw01ses10042021030220210725/96
2021-07-31,pw01ses10022021010920210731/F1
2021-07-31,pw01ses10042021030320210731/35
2021-08-01,pw01ses10022021011020210801/E7
2021-08-01,pw01ses10042021030420210801/99
2021-08-07,pw01ses10022021011120210807/3C
2021-08-07,pw01ses10042021030520210807/EE
2021-08-08,pw01ses10022021011220210808/2A
2021-08-08,pw01ses10042021030620210808/DC
2021-08-14,pw01ses10012021020120210814/BA
2021-08-14,pw01ses10042021040120210814/FA
2021-08-14,pw01ses10102021040120210814/FB
2021-08-15,pw01ses10012021020220210815/A8
2021-08-15,pw01ses10042021040220210815/E8
2021-08-15,pw01ses10102021040220210815/E9
2021-08-21,pw01ses10012021020320210821/47
2021-08-21,pw01ses10042021040320210821/87
2021-08-21,pw01ses10102021040320210821/88
2021-08-22,pw01ses10012021020420210822/35
2021-08-22,pw01ses10042021040420210822/75
2021-08-22,pw01ses10102021040420210822/76
2021-08-28,pw01ses10012021020520210828/8A
2021-08-28,pw01ses10042021040520210828/CA
2021-08-28,pw01ses10102021040520210828/CB
2021-08-29,pw01ses10012021020620210829/78
2021-08-29,pw01ses10042021040620210829/B8
2021-08-29,pw01ses10102021040620210829/B9
2021-09-04,pw01ses10012021020720210904/8D
2021-09-04,pw01ses10042021040720210904/CD
2021-09-04,pw01ses10102021040720210904/CE
2021-09-05,pw01ses10012021020820210905/7B
2021-09-05,pw01ses10042021040820210905/BB
2021-09-05,pw01ses10102021040820210905/BC
2021-09-11,pw01ses10062021040120210911/56
2021-09-11,pw01ses10072021050120210911/D1
2021-09-12,pw01ses10062021040220210912/44
2021-09-12,pw01ses10072021050220210912/BF
2021-09-18,pw01ses10062021040320210918/99
2021-09-18,pw01ses10072021050320210918/14
2021-09-19,pw01ses10062021040420210919/87
2021-09-19,pw01ses10072021050420210919/02
2021-09-20,pw01ses10062021040520210920/BF
2021-09-20,pw01ses10072021050520210920/3A
2021-09-25,pw01ses10062021040620210925/99
2021-09-25,pw01ses10072021050620210925/14
2021-09-26,pw01ses10062021040720210926/87
2021-09-26,pw01ses10072021050720210926/02
2021-10-02,pw01ses10062021040820211002/B3
2021-10-02,pw01ses10072021050820211002/2E
2021-10-03,pw01ses10062021040920211003/A1
2021-10-03,pw01ses10072021050920211003/1C
2021-10-09,pw01ses10042021050120211009/88
2021-10-09,pw01ses10052021040120211009/A1
2021-10-09,pw01ses10092021040120211009/C9
2021-10-10,pw01ses10042021050220211010/C0
2021-10-10,pw01ses10052021040220211010/D9
2021-10-10,pw01ses10092021040220211010/01
2021-10-16,pw01ses10042021050320211016/15
2021-10-16,pw01ses10052021040320211016/2E
2021-10-16,pw01ses10092021040320211016/56
2021-10-17,pw01ses10042021050420211017/03
2021-10-17,pw01ses10052021040420211017/1C
2021-10-17,pw01ses10092021040420211017/44
2021-10-23,pw01ses10042021050520211023/A2
2021-10-23,pw01ses10052021040520211023/BB
2021-10-23,pw01ses10092021040520211023/E3
2021-10-24,pw01ses10042021050620211024/90
2021-10-24,pw01ses10052021040620211024/A9
2021-10-24,pw01ses10092021040620211024/D1
2021-10-30,pw01ses10042021050720211030/2F
2021-10-30,pw01ses10052021040720211030/48
2021-10-30,pw01ses10092021040720211030/70
2021-10-31,pw01ses10042021050820211031/1D
2021-10-31,pw01ses10052021040820211031/36
2021-10-31,pw01ses10092021040820211031/5E
2021-11-06,pw01ses10032021020120211106/73
2021-11-06,pw01ses10052021050120211106/9A
2021-11-06,pw01ses10092021050120211106/C2
2021-11-07,pw01ses10032021020220211107/61
2021-11-07,pw01ses10052021050220211107/88
2021-11-07,pw01ses10092021050220211107/B0
2021-11-13,pw01ses10032021020320211113/00
2021-11-13,pw01ses10052021050320211113/27
2021-11-13,pw01ses10092021050320211113/4F
2021-11-14,pw01ses10032021020420211114/EE
2021-11-14,pw01ses10052021050420211114/15
2021-11-14,pw01ses10092021050420211114/3D
2021-11-20,pw01ses10032021020520211120/8D
2021-11-20,pw01ses10052021050520211120/B4
2021-11-20,pw01ses10092021050520211120/DC
2021-11-21,pw01ses10032021020620211121/7B
2021-11-21,pw01ses10052021050620211121/A2
2021-11-21,pw01ses10092021050620211121/CA
2021-11-27,pw01ses10052021050720211127/F7
2021-11-27,pw01ses10092021050720211127/1F
2021-11-28,pw01ses10052021050820211128/E5
2021-11-28,pw01ses10092021050820211128/0D
2021-12-04,pw01ses10062021050120211204/27
2021-12-04,pw01ses10072021060120211204/A2
2021-12-04,pw01ses10092021060120211204/36
2021-12-05,pw01ses10062021050220211205/15
2021-12-05,pw01ses10072021060220211205/90
2021-12-05,pw01ses10092021060220211205/24
2021-12-11,pw01ses10062021050320211211/B4
2021-12-11,pw01ses10072021060320211211/2F
2021-12-11,pw01ses10092021060320211211/C3
2021-12-12,pw01ses10062021050420211212/A2
2021-12-12,pw01ses10072021060420211212/1D
2021-12-12,pw01ses10092021060420211212/B1
2021-12-18,pw01ses10062021050520211218/F7
2021-12-18,pw01ses10072021060520211218/72
2021-12-18,pw01ses10092021060520211218/06
2021-12-19,pw01ses10062021050620211219/E5
2021-12-19,pw01ses10072021060620211219/60
2021-12-19,pw01ses10092021060620211219/F4
2021-12-25,pw01ses10062021050720211225/84
2021-12-25,pw01ses10092021060720211225/93
2021-12-26,pw01ses10062021050820211226/72
2021-12-26,pw01ses10092021060820211226/81
2021-12-28,pw01ses10062021050920211228/DB
2021-12-28,pw01ses10092021060920211228/EA
2022-01-05,pw01ses10062022010120220105/94
2022-01-05,pw01ses10072022010120220105/DE
2022-01-08,pw01ses10062022010220220108/78
2022-01-08,pw01ses10072022010220220108/C2
2022-01-09,pw01ses10062022010320220109/66
2022-01-09,pw01ses10072022010320220109/B0
2022-01-10,pw01ses10062022010420220110/9E
2022-01-10,pw01ses10072022010420220110/E8
2022-01-15,pw01ses10062022010520220115/78
2022-01-15,pw01ses10072022010520220115/C2
2022-01-15,pw01ses10102022010120220115/19
2022-01-16,pw01ses10062022010620220116/66
2022-01-16,pw01ses10072022010620220116/B0
2022-01-16,pw01ses10102022010220220116/07
2022-01-22,pw01ses10062022010720220122/05
2022-01-22,pw01ses10072022010720220122/4F
2022-01-22,pw01ses10102022010320220122/A6
2022-01-23,pw01ses10062022010820220123/F3
2022-01-23,pw01ses10072022010820220123/3D
2022-01-23,pw01ses10102022010420220123/94
2022-01-29,pw01ses10052022010120220129/66
2022-01-29,pw01ses10072022010920220129/92
2022-01-29,pw01ses10102022010520220129/E9
2022-01-30,pw01ses10052022010220220130/9E
2022-01-30,pw01ses10072022011020220130/5C
2022-01-30,pw01ses10102022010620220130/21
2022-02-05,pw01ses10052022010320220205/69
2022-02-05,pw01ses10072022011120220205/27
2022-02-05,pw01ses10102022010720220205/EC
2022-02-06,pw01ses10052022010420220206/57
2022-02-06,pw01ses10072022011220220206/15
2022-02-06,pw01ses10102022010820220206/DA
2022-02-12,pw01ses10052022010520220212/F6
2022-02-12,pw01ses10092022010120220212/52
2022-02-12,pw01ses10102022020120220212/12
2022-02-13,pw01ses10052022010620220213/E4
2022-02-13,pw01ses10092022010220220213/40
2022-02-13,pw01ses10102022020220220213/00
2022-02-19,pw01ses10052022010720220219/39
2022-02-19,pw01ses10092022010320220219/95
2022-02-19,pw01ses10102022020320220219/55
2022-02-20,pw01ses10052022010820220220/71
2022-02-20,pw01ses10092022010420220220/CD
2022-02-20,pw01ses10102022020420220220/8D
2022-02-26,pw01ses10062022020120220226/A9
2022-02-26,pw01ses10092022010520220226/22
2022-02-26,pw01ses10102022020520220226/E2
2022-02-27,pw01ses10062022020220220227/97
2022-02-27,pw01ses10092022010620220227/10
2022-02-27,pw01ses10102022020620220227/D0
2022-03-05,pw01ses10062022020320220305/1D
2022-03-05,pw01ses10092022010720220305/96
2022-03-06,pw01ses10062022020420220306/0B
2022-03-06,pw01ses10092022010820220306/84
2022-03-12,pw01ses10062022020520220312/AA
2022-03-12,pw01ses10072022020120220312/28
2022-03-12,pw01ses10092022010920220312/23
2022-03-13,pw01ses10062022020620220313/98
2022-03-13,pw01ses10072022020220220313/16
2022-03-13,pw01ses10092022011020220313/A3
2022-03-19,pw01ses10072022020320220319/6B
2022-03-19,pw01ses10092022011120220319/F8
2022-03-20,pw01ses10062022020720220320/B2
2022-03-20,pw01ses10092022011220220320/30
2022-03-21,pw01ses10062022020820220321/A0
2022-03-21,pw01ses10072022020420220321/1E
2022-03-26,pw01ses10062022030120220326/13
2022-03-26,pw01ses10072022020520220326/F8
2022-03-26,pw01ses10092022020120220326/C0
2022-03-27,pw01ses10062022030220220327/01
2022-03-27,pw01ses10072022020620220327/E6
2022-03-27,pw01ses10092022020220220327/AE
2022-04-02,pw01ses10062022030320220402/16
2022-04-02,pw01ses10092022020320220402/C3
2022-04-03,pw01ses10062022030420220403/04
2022-04-03,pw01ses10092022020420220403/B1
2022-04-09,pw01ses10062022030520220409/59
2022-04-09,pw01ses10092022020520220409/06
2022-04-10,pw01ses10062022030620220410/91
2022-04-10,pw01ses10092022020620220410/3E
2022-04-16,pw01ses10032022010120220416/F4
2022-04-16,pw01ses10062022030720220416/E6
2022-04-16,pw01ses10092022020720220416/93
2022-04-17,pw01ses10032022010220220417/E2
2022-04-17,pw01ses10062022030820220417/D4
2022-04-17,pw01ses10092022020820220417/81
2022-04-23,pw01ses10032022010320220423/81
2022-04-23,pw01ses10052022020120220423/60
2022-04-23,pw01ses10092022020920220423/20
2022-04-24,pw01ses10032022010420220424/6F
2022-04-24,pw01ses10052022020220220424/4E
2022-04-24,pw01ses10092022021020220424/A0
2022-04-30,pw01ses10032022010520220430/0E
2022-04-30,pw01ses10052022020320220430/ED
2022-04-30,pw01ses10092022021120220430/3F
2022-05-01,pw01ses10032022010620220501/ED
2022-05-01,pw01ses10052022020420220501/CC
2022-05-01,pw01ses10092022021220220501/1E
2022-05-07,pw01ses10042022010120220507/DA
2022-05-07,pw01ses10052022020520220507/21
2022-05-07,pw01ses10072022030120220507/1A
2022-05-08,pw01ses10042022010220220508/C8
2022-05-08,pw01ses10052022020620220508/0F
2022-05-08,pw01ses10072022030220220508/08
2022-05-14,pw01ses10042022010320220514/67
2022-05-14,pw01ses10052022020720220514/AE
2022-05-14,pw01ses10072022030320220514/A7
2022-05-15,pw01ses10042022010420220515/55
2022-05-15,pw01ses10052022020820220515/9C
2022-05-15,pw01ses10072022030420220515/95
2022-05-21,pw01ses10042022010520220521/F4
2022-05-21,pw01ses10052022020920220521/3B
2022-05-21,pw01ses10072022030520220521/34
2022-05-22,pw01ses10042022010620220522/E2
2022-05-22,pw01ses10052022021020220522/BB
2022-05-22,pw01ses10072022030620220522/22
2022-05-28,pw01ses10042022010720220528/37
2022-05-28,pw01ses10052022021120220528/10
2022-05-28,pw01ses10072022030720220528/77
2022-05-29,pw01ses10042022010820220529/25
2022-05-29,pw01ses10052022021220220529/FE
2022-05-29,pw01ses10072022030820220529/65
2022-06-04,pw01ses10052022030120220604/4E
2022-06-04,pw01ses10072022040120220604/13
2022-06-05,pw01ses10052022030220220605/3C
2022-06-05,pw01ses10072022040220220605/01
2022-06-11,pw01ses10022022010120220611/B5
2022-06-11,pw01ses10052022030320220611/DB
2022-06-11,pw01ses10072022040320220611/A0
2022-06-12,pw01ses10022022010220220612/A3
2022-06-12,pw01ses10052022030420220612/C9
2022-06-12,pw01ses10072022040420220612/8E
2022-06-18,pw01ses10022022010320220618/F8
2022-06-18,pw01ses10052022030520220618/1E
2022-06-18,pw01ses10092022030120220618/7A
2022-06-19,pw01ses10022022010420220619/E6
2022-06-19,pw01ses10052022030620220619/0C
2022-06-19,pw01ses10092022030220220619/68
2022-06-25,pw01ses10022022010520220625/85
2022-06-25,pw01ses10052022030720220625/AB
2022-06-25,pw01ses10092022030320220625/07
2022-06-26,pw01ses10022022010620220626/73
2022-06-26,pw01ses10052022030820220626/99
2022-06-26,pw01ses10092022030420220626/F5
2022-07-02,pw01ses10022022010720220702/03
2022-07-02,pw01ses10032022020120220702/CC
2022-07-02,pw01ses10102022030120220702/48
2022-07-03,pw01ses10022022010820220703/F1
2022-07-03,pw01ses10032022020220220703/BA
2022-07-03,pw01ses10102022030220220703/36
2022-07-09,pw01ses10022022010920220709/46
2022-07-09,pw01ses10032022020320220709/0F
2022-07-09,pw01ses10102022030320220709/8B
2022-07-10,pw01ses10022022011020220710/10
2022-07-10,pw01ses10032022020420220710/47
2022-07-10,pw01ses10102022030420220710/C3
2022-07-16,pw01ses10022022011120220716/65
2022-07-16,pw01ses10032022020520220716/9C
2022-07-16,pw01ses10102022030520220716/18
2022-07-17,pw01ses10022022011220220717/53
2022-07-17,pw01ses10032022020620220717/8A
2022-07-17,pw01ses10102022030620220717/06
2022-07-23,pw01ses10012022010120220723/B2
2022-07-23,pw01ses10032022020720220723/29
2022-07-23,pw01ses10102022030720220723/A5
2022-07-24,pw01ses10012022010220220724/A0
2022-07-24,pw01ses10032022020820220724/17
2022-07-24,pw01ses10102022030820220724/93
2022-07-30,pw01ses10012022010320220730/3F
2022-07-30,pw01ses10042022020120220730/68
2022-07-31,pw01ses10012022010420220731/2D
2022-07-31,pw01ses10042022020220220731/56
2022-08-06,pw01ses10012022010520220806/F8
2022-08-06,pw01ses10042022020320220806/21
2022-08-07,pw01ses10012022010620220807/E6
2022-08-07,pw01ses10042022020420220807/0F
2022-08-13,pw01ses10012022020120220813/04
2022-08-13,pw01ses10042022030120220813/13
2022-08-13,pw01ses10102022040120220813/45
2022-08-14,pw01ses10012022020220220814/F2
2022-08-14,pw01ses10042022030220220814/01
2022-08-14,pw01ses10102022040220220814/33
2022-08-20,pw01ses10012022020320220820/91
2022-08-20,pw01ses10042022030320220820/A0
2022-08-20,pw01ses10102022040320220820/D2
2022-08-21,pw01ses10012022020420220821/7F
2022-08-21,pw01ses10042022030420220821/8E
2022-08-21,pw01ses10102022040420220821/C0
2022-08-27,pw01ses10012022020520220827/D4
2022-08-27,pw01ses10042022030520220827/E3
2022-08-27,pw01ses10102022040520220827/15
2022-08-28,pw01ses10012022020620220828/C2
2022-08-28,pw01ses10042022030620220828/D1
2022-08-28,pw01ses10102022040620220828/03
2022-09-03,pw01ses10012022020720220903/D7
2022-09-03,pw01ses10042022030720220903/E6
2022-09-03,pw01ses10102022040720220903/18
2022-09-04,pw01ses10012022020820220904/C5
2022-09-04,pw01ses10042022030820220904/D4
2022-09-04,pw01ses10102022040820220904/06
2022-09-10,pw01ses10062022040120220910/A0
2022-09-10,pw01ses10072022050120220910/1B
2022-09-11,pw01ses10062022040220220911/8E
2022-09-11,pw01ses10072022050220220911/09
2022-09-17,pw01ses10062022040320220917/E3
2022-09-17,pw01ses10072022050320220917/5E
2022-09-18,pw01ses10062022040420220918/D1
2022-09-18,pw01ses10072022050420220918/4C
2022-09-19,pw01ses10062022040520220919/BF
2022-09-19,pw01ses10072022050520220919/3A
2022-09-24,pw01ses10062022040620220924/E3
2022-09-24,pw01ses10072022050620220924/5E
2022-09-25,pw01ses10062022040720220925/D1
2022-09-25,pw01ses10072022050720220925/4C
2022-10-01,pw01ses10062022040820221001/FD
2022-10-01,pw01ses10072022050820221001/78
2022-10-02,pw01ses10062022040920221002/EB
2022-10-02,pw01ses10072022050920221002/66
2022-10-08,pw01ses10052022040120221008/EB
2022-10-08,pw01ses10092022040120221008/13
2022-10-09,pw01ses10052022040220221009/D9
2022-10-09,pw01ses10092022040220221009/01
2022-10-10,pw01ses10052022040320221010/11
2022-10-10,pw01ses10092022040320221010/39
2022-10-15,pw01ses10042022040120221015/48
2022-10-15,pw01ses10052022040420221015/EB
2022-10-15,pw01ses10092022040420221015/13
2022-10-16,pw01ses10042022040220221016/36
2022-10-16,pw01ses10052022040520221016/D9
2022-10-16,pw01ses10092022040520221016/01
2022-10-22,pw01ses10042022040320221022/D5
2022-10-22,pw01ses10052022040620221022/78
2022-10-22,pw01ses10092022040620221022/A0
2022-10-23,pw01ses10042022040420221023/C3
2022-10-23,pw01ses10052022040720221023/66
2022-10-23,pw01ses10092022040720221023/8E
2022-10-29,pw01ses10042022040520221029/18
2022-10-29,pw01ses10052022040820221029/BB
2022-10-29,pw01ses10092022040820221029/E3
2022-10-30,pw01ses10042022040620221030/50
2022-10-30,pw01ses10052022040920221030/F3
2022-10-30,pw01ses10092022040920221030/1B
2022-11-05,pw01ses10032022030120221105/EE
2022-11-05,pw01ses10052022050120221105/E4
2022-11-05,pw01ses10092022050120221105/0C
2022-11-06,pw01ses10032022030220221106/DC
2022-11-06,pw01ses10052022050220221106/D2
2022-11-06,pw01ses10092022050220221106/FA
2022-11-12,pw01ses10032022030320221112/7B
2022-11-12,pw01ses10052022050320221112/71
2022-11-12,pw01ses10092022050320221112/99
2022-11-13,pw01ses10032022030420221113/69
2022-11-13,pw01ses10052022050420221113/5F
2022-11-13,pw01ses10092022050420221113/87
2022-11-19,pw01ses10032022030520221119/BE
2022-11-19,pw01ses10052022050520221119/B4
2022-11-19,pw01ses10092022050520221119/DC
2022-11-20,pw01ses10032022030620221120/F6
2022-11-20,pw01ses10052022050620221120/EC
2022-11-20,pw01ses10092022050620221120/14
2022-11-26,pw01ses10052022050720221126/41
2022-11-26,pw01ses10092022050720221126/69
2022-11-27,pw01ses10052022050820221127/2F
2022-11-27,pw01ses10092022050820221127/57
2022-12-03,pw01ses10062022050120221203/71
2022-12-03,pw01ses10072022060120221203/EC
2022-12-03,pw01ses10092022060120221203/80
2022-12-04,pw01ses10062022050220221204/5F
2022-12-04,pw01ses10072022060220221204/DA
2022-12-04,pw01ses10092022060220221204/6E
2022-12-10,pw01ses10062022050320221210/FE
2022-12-10,pw01ses10072022060320221210/79
2022-12-10,pw01ses10092022060320221210/0D
2022-12-11,pw01ses10062022050420221211/EC
2022-12-11,pw01ses10072022060420221211/67
2022-12-11,pw01ses10092022060420221211/FB
2022-12-17,pw01ses10062022050520221217/41
2022-12-17,pw01ses10072022060520221217/BC
2022-12-17,pw01ses10092022060520221217/50
2022-12-18,pw01ses10062022050620221218/2F
2022-12-18,pw01ses10072022060620221218/AA
2022-12-18,pw01ses10092022060620221218/3E
2022-12-24,pw01ses10062022050720221224/CE
2022-12-24,pw01ses10092022060720221224/DD
2022-12-25,pw01ses10062022050820221225/BC
2022-12-25,pw01ses10092022060820221225/CB
2022-12-28,pw01ses10062022050920221228/A0
2022-12-28,pw01ses10092022060920221228/AF
2023-01-05,pw01ses10062023010120230105/59
2023-01-05,pw01ses10072023010120230105/A3
2023-01-07,pw01ses10062023010220230107/C2
2023-01-07,pw01ses10072023010220230107/0C
2023-01-08,pw01ses10062023010320230108/B0
2023-01-08,pw01ses10072023010320230108/FA
2023-01-09,pw01ses10062023010420230109/9E
2023-01-09,pw01ses10072023010420230109/E8
2023-01-14,pw01ses10062023010520230114/C2
2023-01-14,pw01ses10072023010520230114/0C
2023-01-14,pw01ses10102023010120230114/63
2023-01-15,pw01ses10062023010620230115/B0
2023-01-15,pw01ses10072023010620230115/FA
2023-01-15,pw01ses10102023010220230115/51
2023-01-21,pw01ses10062023010720230121/4F
2023-01-21,pw01ses10072023010720230121/99
2023-01-21,pw01ses10102023010320230121/F0
2023-01-22,pw01ses10062023010820230122/3D
2023-01-22,pw01ses10072023010820230122/87
2023-01-22,pw01ses10102023010420230122/DE
2023-01-28,pw01ses10052023010120230128/B0
2023-01-28,pw01ses10072023010920230128/DC
2023-01-28,pw01ses10102023010520230128/33
2023-01-29,pw01ses10052023010220230129/9E
2023-01-29,pw01ses10072023011020230129/5C
2023-01-29,pw01ses10102023010620230129/21
2023-02-04,pw01ses10052023010320230204/B3
2023-02-04,pw01ses10072023011120230204/71
2023-02-04,pw01ses10102023010720230204/36
2023-02-05,pw01ses10052023010420230205/A1
2023-02-05,pw01ses10072023011220230205/5F
2023-02-05,pw01ses10102023010820230205/24
2023-02-11,pw01ses10052023010520230211/40
2023-02-11,pw01ses10092023010120230211/9C
2023-02-11,pw01ses10102023020120230211/5C
2023-02-12,pw01ses10052023010620230212/2E
2023-02-12,pw01ses10092023010220230212/8A
2023-02-12,pw01ses10102023020220230212/4A
2023-02-18,pw01ses10052023010720230218/83
2023-02-18,pw01ses10092023010320230218/DF
2023-02-18,pw01ses10102023020320230218/9F
2023-02-19,pw01ses10052023010820230219/71
2023-02-19,pw01ses10092023010420230219/CD
2023-02-19,pw01ses10102023020420230219/8D
2023-02-25,pw01ses10062023020120230225/F3
2023-02-25,pw01ses10092023010520230225/6C
2023-02-25,pw01ses10102023020520230225/2C
2023-02-26,pw01ses10062023020220230226/E1
2023-02-26,pw01ses10092023010620230226/5A
2023-02-26,pw01ses10102023020620230226/1A
2023-03-04,pw01ses10062023020320230304/67
2023-03-04,pw01ses10092023010720230304/E0
2023-03-05,pw01ses10062023020420230305/55
2023-03-05,pw01ses10092023010820230305/CE
2023-03-11,pw01ses10062023020520230311/F4
2023-03-11,pw01ses10072023020120230311/72
2023-03-11,pw01ses10092023010920230311/6D
2023-03-12,pw01ses10062023020620230312/E2
2023-03-12,pw01ses10072023020220230312/60
2023-03-12,pw01ses10092023011020230312/ED
2023-03-18,pw01ses10062023020720230318/37
2023-03-18,pw01ses10072023020320230318/B5
2023-03-18,pw01ses10092023011120230318/42
2023-03-19,pw01ses10062023020820230319/25
2023-03-19,pw01ses10072023020420230319/A3
2023-03-19,pw01ses10092023011220230319/30
2023-03-25,pw01ses10062023030120230325/5D
2023-03-25,pw01ses10072023020520230325/42
2023-03-25,pw01ses10092023020120230325/0A
2023-03-26,pw01ses10062023030220230326/4B
2023-03-26,pw01ses10072023020620230326/30
2023-03-26,pw01ses10092023020220230326/F8
2023-04-01,pw01ses10062023030320230401/60
2023-04-01,pw01ses10092023020320230401/0D
2023-04-02,pw01ses10062023030420230402/4E
2023-04-02,pw01ses10092023020420230402/FB
2023-04-08,pw01ses10032023010120230408/97
2023-04-08,pw01ses10062023030520230408/A3
2023-04-08,pw01ses10092023020520230408/50
2023-04-09,pw01ses10032023010220230409/85
2023-04-09,pw01ses10062023030620230409/91
2023-04-09,pw01ses10092023020620230409/3E
2023-04-15,pw01ses10032023010320230415/24
2023-04-15,pw01ses10062023030720230415/30
2023-04-15,pw01ses10092023020720230415/DD
2023-04-16,pw01ses10032023010420230416/12
2023-04-16,pw01ses10062023030820230416/1E
2023-04-16,pw01ses10092023020820230416/CB
2023-04-22,pw01ses10032023010520230422/B1
2023-04-22,pw01ses10052023020120230422/AA
2023-04-22,pw01ses10082023010120230422/57
2023-04-23,pw01ses10032023010620230423/9F
2023-04-23,pw01ses10052023020220230423/98
2023-04-23,pw01ses10082023010220230423/45
2023-04-29,pw01ses10042023010120230429/8C
2023-04-29,pw01ses10052023020320230429/ED
2023-04-29,pw01ses10082023010320230429/9A
2023-04-30,pw01ses10042023010220230430/C4
2023-04-30,pw01ses10052023020420230430/25
2023-04-30,pw01ses10082023010420230430/D2
2023-05-06,pw01ses10042023010320230506/0A
2023-05-06,pw01ses10052023020520230506/6B
2023-05-06,pw01ses10082023010520230506/18
2023-05-07,pw01ses10042023010420230507/F8
2023-05-07,pw01ses10052023020620230507/59
2023-05-07,pw01ses10082023010620230507/06
2023-05-13,pw01ses10042023010520230513/97
2023-05-13,pw01ses10052023020720230513/F8
2023-05-13,pw01ses10082023010720230513/A5
2023-05-14,pw01ses10042023010620230514/85
2023-05-14,pw01ses10052023020820230514/E6
2023-05-14,pw01ses10082023010820230514/93
2023-05-20,pw01ses10042023010720230520/24
2023-05-20,pw01ses10052023020920230520/85
2023-05-20,pw01ses10082023010920230520/32
2023-05-21,pw01ses10042023010820230521/12
2023-05-21,pw01ses10052023021020230521/05
2023-05-21,pw01ses10082023011020230521/B2
2023-05-27,pw01ses10052023021120230527/5A
2023-05-27,pw01ses10082023011120230527/07
2023-05-28,pw01ses10052023021220230528/48
2023-05-28,pw01ses10082023011220230528/F5
2023-06-03,pw01ses10052023030120230603/98
2023-06-03,pw01ses10092023030120230603/C0
2023-06-04,pw01ses10052023030220230604/86
2023-06-04,pw01ses10092023030220230604/AE
2023-06-10,pw01ses10022023010120230610/FF
2023-06-10,pw01ses10052023030320230610/25
2023-06-10,pw01ses10092023030320230610/4D
2023-06-11,pw01ses10022023010220230611/ED
2023-06-11,pw01ses10052023030420230611/13
2023-06-11,pw01ses10092023030420230611/3B
2023-06-17,pw01ses10022023010320230617/42
2023-06-17,pw01ses10052023030520230617/68
2023-06-17,pw01ses10092023030520230617/90
2023-06-18,pw01ses10022023010420230618/30
2023-06-18,pw01ses10052023030620230618/56
2023-06-18,pw01ses10092023030620230618/7E
2023-06-24,pw01ses10022023010520230624/CF
2023-06-24,pw01ses10052023030720230624/F5
2023-06-24,pw01ses10092023030720230624/1D
2023-06-25,pw01ses10022023010620230625/BD
2023-06-25,pw01ses10052023030820230625/E3
2023-06-25,pw01ses10092023030820230625/0B
2023-07-01,pw01ses10022023020120230701/CC
2023-07-01,pw01ses10032023020120230701/16
2023-07-01,pw01ses10072023030120230701/6F
2023-07-02,pw01ses10022023020220230702/BA
2023-07-02,pw01ses10032023020220230702/04
2023-07-02,pw01ses10072023030220230702/5D
2023-07-08,pw01ses10022023020320230708/0F
2023-07-08,pw01ses10032023020320230708/59
2023-07-08,pw01ses10072023030320230708/B2
2023-07-09,pw01ses10022023020420230709/FD
2023-07-09,pw01ses10032023020420230709/47
2023-07-09,pw01ses10072023030420230709/A0
2023-07-15,pw01ses10022023020520230715/9C
2023-07-15,pw01ses10032023020520230715/E6
2023-07-15,pw01ses10072023030520230715/3F
2023-07-16,pw01ses10022023020620230716/8A
2023-07-16,pw01ses10032023020620230716/D4
2023-07-16,pw01ses10072023030620230716/2D
2023-07-22,pw01ses10012023010120230722/FC
2023-07-22,pw01ses10032023020720230722/73
2023-07-22,pw01ses10072023030720230722/CC
2023-07-23,pw01ses10012023010220230723/EA
2023-07-23,pw01ses10032023020820230723/61
2023-07-23,pw01ses10072023030820230723/BA
2023-07-29,pw01ses10012023010320230729/3F
2023-07-29,pw01ses10042023020120230729/68
2023-07-30,pw01ses10012023010420230730/77
2023-07-30,pw01ses10042023020220230730/A0
2023-08-05,pw01ses10012023010520230805/42
2023-08-05,pw01ses10042023020320230805/6B
2023-08-06,pw01ses10012023010620230806/30
2023-08-06,pw01ses10042023020420230806/59
2023-08-12,pw01ses10012023020120230812/4E
2023-08-12,pw01ses10042023030120230812/5D
2023-08-12,pw01ses10102023030120230812/5E
2023-08-13,pw01ses10012023020220230813/3C
2023-08-13,pw01ses10042023030220230813/4B
2023-08-13,pw01ses10102023030220230813/4C
2023-08-19,pw01ses10012023020320230819/91
2023-08-19,pw01ses10042023030320230819/A0
2023-08-19,pw01ses10102023030320230819/A1
2023-08-20,pw01ses10012023020420230820/C9
2023-08-20,pw01ses10042023030420230820/D8
2023-08-20,pw01ses10102023030420230820/D9
2023-08-26,pw01ses10012023020520230826/1E
2023-08-26,pw01ses10042023030520230826/2D
2023-08-26,pw01ses10102023030520230826/2E
2023-08-27,pw01ses10012023020620230827/0C
2023-08-27,pw01ses10042023030620230827/1B
2023-08-27,pw01ses10102023030620230827/1C
2023-09-02,pw01ses10012023020720230902/21
2023-09-02,pw01ses10042023030720230902/30
2023-09-02,pw01ses10102023030720230902/31
2023-09-03,pw01ses10012023020820230903/0F
2023-09-03,pw01ses10042023030820230903/1E
2023-09-03,pw01ses10102023030820230903/1F
2023-09-09,pw01ses10062023040120230909/A0
2023-09-09,pw01ses10092023040120230909/7E
2023-09-10,pw01ses10062023040220230910/D8
2023-09-10,pw01ses10092023040220230910/B6
2023-09-16,pw01ses10062023040320230916/2D
2023-09-16,pw01ses10092023040320230916/0B
2023-09-17,pw01ses10062023040420230917/1B
2023-09-17,pw01ses10092023040420230917/F9
2023-09-18,pw01ses10062023040520230918/09
2023-09-18,pw01ses10092023040520230918/E7
2023-09-23,pw01ses10062023040620230923/2D
2023-09-23,pw01ses10092023040620230923/0B
2023-09-24,pw01ses10062023040720230924/1B
2023-09-24,pw01ses10092023040720230924/F9
2023-09-30,pw01ses10062023040820230930/BA
2023-09-30,pw01ses10092023040820230930/98
2023-10-01,pw01ses10062023040920231001/35
2023-10-01,pw01ses10092023040920231001/13
2023-10-07,pw01ses10052023040120231007/35
2023-10-07,pw01ses10082023020120231007/B1
2023-10-08,pw01ses10052023040220231008/23
2023-10-08,pw01ses10082023020220231008/9F
2023-10-09,pw01ses10052023040320231009/11
2023-10-09,pw01ses10082023020320231009/8D
2023-10-14,pw01ses10042023040120231014/92
2023-10-14,pw01ses10052023040420231014/35
2023-10-14,pw01ses10082023020420231014/B1
2023-10-15,pw01ses10042023040220231015/80
2023-10-15,pw01ses10052023040520231015/23
2023-10-15,pw01ses10082023020520231015/9F
2023-10-21,pw01ses10042023040320231021/1F
2023-10-21,pw01ses10052023040620231021/C2
2023-10-21,pw01ses10082023020620231021/3E
2023-10-22,pw01ses10042023040420231022/0D
2023-10-22,pw01ses10052023040720231022/B0
2023-10-22,pw01ses10082023020720231022/2C
2023-10-28,pw01ses10042023040520231028/62
2023-10-28,pw01ses10052023040820231028/05
2023-10-28,pw01ses10082023020820231028/81
2023-10-29,pw01ses10042023040620231029/50
2023-10-29,pw01ses10052023040920231029/F3
2023-10-29,pw01ses10082023020920231029/6F
2023-11-04,pw01ses10032023030120231104/38
2023-11-04,pw01ses10052023050120231104/2E
2023-11-04,pw01ses10082023030120231104/AA
2023-11-05,pw01ses10032023030220231105/26
2023-11-05,pw01ses10052023050220231105/1C
2023-11-05,pw01ses10082023030220231105/98
2023-11-11,pw01ses10032023030320231111/C5
2023-11-11,pw01ses10052023050320231111/BB
2023-11-11,pw01ses10082023030320231111/37
2023-11-12,pw01ses10032023030420231112/B3
2023-11-12,pw01ses10052023050420231112/A9
2023-11-12,pw01ses10082023030420231112/25
2023-11-18,pw01ses10032023030520231118/08
2023-11-18,pw01ses10052023050520231118/FE
2023-11-18,pw01ses10082023030520231118/7A
2023-11-19,pw01ses10032023030620231119/F6
2023-11-19,pw01ses10052023050620231119/EC
2023-11-19,pw01ses10082023030620231119/68
2023-11-25,pw01ses10052023050720231125/8B
2023-11-25,pw01ses10082023030720231125/07
2023-11-26,pw01ses10052023050820231126/79
2023-11-26,pw01ses10082023030820231126/F5
2023-12-02,pw01ses10062023050120231202/BB
2023-12-02,pw01ses10072023040120231202/D4
2023-12-02,pw01ses10092023050120231202/99
2023-12-03,pw01ses10062023050220231203/A9
2023-12-03,pw01ses10072023040220231203/C2
2023-12-03,pw01ses10092023050220231203/87
2023-12-09,pw01ses10062023050320231209/FE
2023-12-09,pw01ses10072023040320231209/17
2023-12-09,pw01ses10092023050320231209/DC
2023-12-10,pw01ses10062023050420231210/36
2023-12-10,pw01ses10072023040420231210/4F
2023-12-10,pw01ses10092023050420231210/14
2023-12-16,pw01ses10062023050520231216/8B
2023-12-16,pw01ses10072023040520231216/A4
2023-12-16,pw01ses10092023050520231216/69
2023-12-17,pw01ses10062023050620231217/79
2023-12-17,pw01ses10072023040620231217/92
2023-12-17,pw01ses10092023050620231217/57
2023-12-23,pw01ses10062023050720231223/18
2023-12-23,pw01ses10092023050720231223/F6
2023-12-24,pw01ses10062023050820231224/06
2023-12-24,pw01ses10092023050820231224/E4
2023-12-28,pw01ses10062023050920231228/65
2023-12-28,pw01ses10092023050920231228/43
2024-01-06,pw01ses10062024010120240106/99
2024-01-06,pw01ses10082024010120240106/2D
2024-01-07,pw01ses10062024010220240107/87
2024-01-07,pw01ses10082024010220240107/1B
2024-01-08,pw01ses10062024010320240108/75
2024-01-08,pw01ses10082024010320240108/09
2024-01-13,pw01ses10062024010420240113/99
2024-01-13,pw01ses10082024010420240113/2D
2024-01-13,pw01ses10102024010120240113/AD
2024-01-14,pw01ses10062024010520240114/87
2024-01-14,pw01ses10082024010520240114/1B
2024-01-14,pw01ses10102024010220240114/9B
2024-01-20,pw01ses10062024010620240120/26
2024-01-20,pw01ses10082024010620240120/BA
2024-01-20,pw01ses10102024010320240120/3A
2024-01-21,pw01ses10062024010720240121/14
2024-01-21,pw01ses10082024010720240121/A8
2024-01-21,pw01ses10102024010420240121/28
2024-01-27,pw01ses10052024010120240127/FA
2024-01-27,pw01ses10082024020120240127/09
2024-01-27,pw01ses10102024010520240127/7D
2024-01-28,pw01ses10052024010220240128/E8
2024-01-28,pw01ses10082024020220240128/F7
2024-01-28,pw01ses10102024010620240128/6B
2024-02-03,pw01ses10052024010320240203/FD
2024-02-03,pw01ses10082024020320240203/0C
2024-02-03,pw01ses10102024010720240203/80
2024-02-04,pw01ses10052024010420240204/EB
2024-02-04,pw01ses10082024020420240204/FA
2024-02-04,pw01ses10102024010820240204/6E
2024-02-10,pw01ses10052024010520240210/8A
2024-02-10,pw01ses10082024020520240210/99
2024-02-10,pw01ses10102024020120240210/A6
2024-02-11,pw01ses10052024010620240211/78
2024-02-11,pw01ses10082024020620240211/87
2024-02-11,pw01ses10102024020220240211/94
2024-02-17,pw01ses10052024010720240217/CD
2024-02-17,pw01ses10082024020720240217/DC
2024-02-17,pw01ses10102024020320240217/E9
2024-02-18,pw01ses10052024010820240218/BB
2024-02-18,pw01ses10082024020820240218/CA
2024-02-18,pw01ses10102024020420240218/D7
2024-02-24,pw01ses10062024020120240224/3D
2024-02-24,pw01ses10092024010120240224/EA
2024-02-24,pw01ses10102024020520240224/76
2024-02-25,pw01ses10062024020220240225/2B
2024-02-25,pw01ses10092024010220240225/D8
2024-02-25,pw01ses10102024020620240225/64
2024-03-02,pw01ses10062024020320240302/36
2024-03-02,pw01ses10092024010320240302/E3
2024-03-02,pw01ses10102024020720240302/6F
2024-03-03,pw01ses10062024020420240303/24
2024-03-03,pw01ses10092024010420240303/D1
2024-03-03,pw01ses10102024020820240303/5D
2024-03-09,pw01ses10062024020520240309/79
2024-03-09,pw01ses10072024010120240309/C6
2024-03-09,pw01ses10092024010520240309/26
2024-03-10,pw01ses10062024020620240310/B1
2024-03-10,pw01ses10072024010220240310/FE
2024-03-10,pw01ses10092024010620240310/5E
2024-03-16,pw01ses10062024020720240316/06
2024-03-16,pw01ses10072024010320240316/53
2024-03-16,pw01ses10092024010720240316/B3
2024-03-17,pw01ses10062024020820240317/F4
2024-03-17,pw01ses10072024010420240317/41
2024-03-17,pw01ses10092024010820240317/A1
2024-03-23,pw01ses10062024030120240323/2C
2024-03-23,pw01ses10072024010520240323/E0
2024-03-23,pw01ses10092024020120240323/D9
2024-03-24,pw01ses10062024030220240324/1A
2024-03-24,pw01ses10072024010620240324/CE
2024-03-24,pw01ses10092024020220240324/C7
2024-03-30,pw01ses10062024030320240330/B9
2024-03-30,pw01ses10092024020320240330/66
2024-03-31,pw01ses10062024030420240331/A7
2024-03-31,pw01ses10092024020420240331/54
2024-04-06,pw01ses10032024010120240406/66
2024-04-06,pw01ses10062024030520240406/72
2024-04-06,pw01ses10092024020520240406/1F
2024-04-07,pw01ses10032024010220240407/54
2024-04-07,pw01ses10062024030620240407/60
2024-04-07,pw01ses10092024020620240407/0D
2024-04-13,pw01ses10032024010320240413/F3
2024-04-13,pw01ses10062024030720240413/FF
2024-04-13,pw01ses10092024020720240413/AC
2024-04-14,pw01ses10032024010420240414/E1
2024-04-14,pw01ses10062024030820240414/ED
2024-04-14,pw01ses10092024020820240414/9A
2024-04-20,pw01ses10032024010520240420/80
2024-04-20,pw01ses10052024020120240420/79
2024-04-20,pw01ses10082024030120240420/88
2024-04-21,pw01ses10032024010620240421/6E
2024-04-21,pw01ses10052024020220240421/67
2024-04-21,pw01ses10082024030220240421/76
2024-04-27,pw01ses10042024010120240427/5B
2024-04-27,pw01ses10052024020320240427/BC
2024-04-27,pw01ses10082024030320240427/CB
2024-04-28,pw01ses10042024010220240428/49
2024-04-28,pw01ses10052024020420240428/AA
2024-04-28,pw01ses10082024030420240428/B9
2024-05-04,pw01ses10042024010320240504/D9
2024-05-04,pw01ses10052024020520240504/3A
2024-05-04,pw01ses10082024030520240504/49
2024-05-05,pw01ses10042024010420240505/C7
2024-05-05,pw01ses10052024020620240505/28
2024-05-05,pw01ses10082024030620240505/37
2024-05-11,pw01ses10042024010520240511/66
2024-05-11,pw01ses10052024020720240511/C7
2024-05-11,pw01ses10082024030720240511/D6
2024-05-12,pw01ses10042024010620240512/54
2024-05-12,pw01ses10052024020820240512/B5
2024-05-12,pw01ses10082024030820240512/C4
2024-05-18,pw01ses10042024010720240518/A9
2024-05-18,pw01ses10052024020920240518/0A
2024-05-18,pw01ses10082024030920240518/19
2024-05-19,pw01ses10042024010820240519/97
2024-05-19,pw01ses10052024021020240519/8A
2024-05-19,pw01ses10082024031020240519/99
2024-05-25,pw01ses10052024021120240525/29
2024-05-25,pw01ses10082024031120240525/38
2024-05-26,pw01ses10052024021220240526/17
2024-05-26,pw01ses10082024031220240526/26
2024-06-01,pw01ses10052024030120240601/67
2024-06-01,pw01ses10082024040120240601/76
2024-06-02,pw01ses10052024030220240602/55
2024-06-02,pw01ses10082024040220240602/64
2024-06-08,pw01ses10022024010120240608/84
2024-06-08,pw01ses10052024030320240608/AA
2024-06-08,pw01ses10082024040320240608/B9
2024-06-09,pw01ses10022024010220240609/72
2024-06-09,pw01ses10052024030420240609/98
2024-06-09,pw01ses10082024040420240609/A7
2024-06-15,pw01ses10022024010320240615/11
2024-06-15,pw01ses10052024030520240615/37
2024-06-15,pw01ses10082024040520240615/46
2024-06-16,pw01ses10022024010420240616/FF
2024-06-16,pw01ses10052024030620240616/25
2024-06-16,pw01ses10082024040620240616/34
2024-06-22,pw01ses10022024010520240622/9E
2024-06-22,pw01ses10052024030720240622/C4
2024-06-22,pw01ses10082024040720240622/D3
2024-06-23,pw01ses10022024010620240623/8C
2024-06-23,pw01ses10052024030820240623/B2
2024-06-23,pw01ses10082024040820240623/C1
2024-06-29,pw01ses10022024010720240629/E1
2024-06-29,pw01ses10032024020120240629/AA
2024-06-29,pw01ses10102024030120240629/26
2024-06-30,pw01ses10022024010820240630/19
2024-06-30,pw01ses10032024020220240630/E2
2024-06-30,pw01ses10102024030220240630/5E
2024-07-06,pw01ses10022024010920240706/5F
2024-07-06,pw01ses10032024020320240706/28
2024-07-06,pw01ses10102024030320240706/A4
2024-07-07,pw01ses10022024011020240707/DF
2024-07-07,pw01ses10032024020420240707/16
2024-07-07,pw01ses10102024030420240707/92
2024-07-13,pw01ses10022024011120240713/7E
2024-07-13,pw01ses10032024020520240713/B5
2024-07-13,pw01ses10102024030520240713/31
2024-07-14,pw01ses10022024011220240714/6C
2024-07-14,pw01ses10032024020620240714/A3
2024-07-14,pw01ses10102024030620240714/1F
2024-07-20,pw01ses10012024010120240720/CB
2024-07-20,pw01ses10032024020720240720/42
2024-07-20,pw01ses10102024030720240720/BE
2024-07-21,pw01ses10012024010220240721/B9
2024-07-21,pw01ses10032024020820240721/30
2024-07-21,pw01ses10102024030820240721/AC
2024-07-27,pw01ses10012024010320240727/0E
2024-07-27,pw01ses10042024020120240727/37
2024-07-28,pw01ses10012024010420240728/FC
2024-07-28,pw01ses10042024020220240728/25
2024-08-03,pw01ses10012024010520240803/11
2024-08-03,pw01ses10042024020320240803/3A
2024-08-04,pw01ses10012024010620240804/FF
2024-08-04,pw01ses10042024020420240804/28
2024-08-10,pw01ses10012024020120240810/1D
2024-08-10,pw01ses10042024030120240810/2C
2024-08-10,pw01ses10072024020120240810/D9
2024-08-11,pw01ses10012024020220240811/0B
2024-08-11,pw01ses10042024030220240811/1A
2024-08-11,pw01ses10072024020220240811/C7
2024-08-17,pw01ses10012024020320240817/60
2024-08-17,pw01ses10042024030320240817/6F
2024-08-17,pw01ses10072024020320240817/1C
2024-08-18,pw01ses10012024020420240818/4E
2024-08-18,pw01ses10042024030420240818/5D
2024-08-18,pw01ses10072024020420240818/0A
2024-08-24,pw01ses10012024020520240824/ED
2024-08-24,pw01ses10042024030520240824/FC
2024-08-24,pw01ses10072024020520240824/A9
2024-08-25,pw01ses10012024020620240825/DB
2024-08-25,pw01ses10042024030620240825/EA
2024-08-25,pw01ses10072024020620240825/97
2024-08-31,pw01ses10012024020720240831/7A
2024-08-31,pw01ses10042024030720240831/89
2024-08-31,pw01ses10072024020720240831/36
2024-09-01,pw01ses10012024020820240901/DE
2024-09-01,pw01ses10042024030820240901/ED
2024-09-01,pw01ses10072024020820240901/9A
2024-09-07,pw01ses10062024040120240907/6F
2024-09-07,pw01ses10072024030120240907/88
2024-09-08,pw01ses10062024040220240908/5D
2024-09-08,pw01ses10072024030220240908/76
2024-09-14,pw01ses10062024040320240914/FC
2024-09-14,pw01ses10072024030320240914/15
2024-09-15,pw01ses10062024040420240915/EA
2024-09-15,pw01ses10072024030420240915/03
2024-09-16,pw01ses10062024040520240916/D8
2024-09-16,pw01ses10072024030520240916/F1
2024-09-21,pw01ses10062024040620240921/FC
2024-09-21,pw01ses10072024030620240921/15
2024-09-22,pw01ses10062024040720240922/EA
2024-09-22,pw01ses10072024030720240922/03
2024-09-28,pw01ses10062024040820240928/3F
2024-09-28,pw01ses10072024030820240928/58
2024-09-29,pw01ses10062024040920240929/2D
2024-09-29,pw01ses10072024030920240929/46
2024-10-05,pw01ses10042024040120241005/BA
2024-10-05,pw01ses10052024040120241005/04
2024-10-05,pw01ses10082024050120241005/13
2024-10-06,pw01ses10042024040220241006/A8
2024-10-06,pw01ses10052024040220241006/F2
2024-10-06,pw01ses10082024050220241006/01
2024-10-12,pw01ses10042024040320241012/47
2024-10-12,pw01ses10082024050320241012/A0
2024-10-13,pw01ses10052024040320241013/0C
2024-10-13,pw01ses10082024050420241013/8E
2024-10-14,pw01ses10042024040420241014/B0
2024-10-14,pw01ses10052024040420241014/FA
2024-10-19,pw01ses10042024040520241019/8A
2024-10-19,pw01ses10052024040520241019/D4
2024-10-19,pw01ses10082024050520241019/E3
2024-10-20,pw01ses10042024040620241020/C2
2024-10-20,pw01ses10052024040620241020/0C
2024-10-20,pw01ses10082024050620241020/1B
2024-10-26,pw01ses10042024040720241026/17
2024-10-26,pw01ses10052024040720241026/61
2024-10-26,pw01ses10082024050720241026/70
2024-10-27,pw01ses10042024040820241027/05
2024-10-27,pw01ses10052024040820241027/4F
2024-10-27,pw01ses10082024050820241027/5E
2024-11-02,pw01ses10032024030120241102/07
2024-11-02,pw01ses10052024050120241102/FD
2024-11-02,pw01ses10082024060120241102/0C
2024-11-03,pw01ses10032024030220241103/F5
2024-11-03,pw01ses10052024050220241103/EB
2024-11-03,pw01ses10082024060220241103/FA
2024-11-09,pw01ses10032024030320241109/4A
2024-11-09,pw01ses10052024050320241109/40
2024-11-09,pw01ses10082024060320241109/4F
2024-11-10,pw01ses10032024030420241110/82
2024-11-10,pw01ses10052024050420241110/78
2024-11-10,pw01ses10082024060420241110/87
2024-11-16,pw01ses10032024030520241116/D7
2024-11-16,pw01ses10052024050520241116/CD
2024-11-16,pw01ses10082024060520241116/DC
2024-11-17,pw01ses10032024030620241117/C5
2024-11-17,pw01ses10052024050620241117/BB
2024-11-17,pw01ses10082024060620241117/CA
2024-11-23,pw01ses10052024050720241123/5A
2024-11-23,pw01ses10082024060720241123/69
2024-11-24,pw01ses10052024050820241124/48
2024-11-24,pw01ses10082024060820241124/57
2024-11-30,pw01ses10062024050120241130/99
2024-11-30,pw01ses10072024040120241130/B2
2024-11-30,pw01ses10082024070120241130/8F
2024-12-01,pw01ses10062024050220241201/78
2024-12-01,pw01ses10072024040220241201/91
2024-12-01,pw01ses10082024070220241201/6E
2024-12-07,pw01ses10062024050320241207/CD
2024-12-07,pw01ses10072024040320241207/E6
2024-12-07,pw01ses10082024070320241207/C3
2024-12-08,pw01ses10062024050420241208/BB
2024-12-08,pw01ses10072024040420241208/D4
2024-12-08,pw01ses10082024070420241208/B1
2024-12-14,pw01ses10062024050520241214/5A
2024-12-14,pw01ses10072024040520241214/73
2024-12-14,pw01ses10082024070520241214/50
2024-12-15,pw01ses10062024050620241215/48
2024-12-15,pw01ses10072024040620241215/61
2024-12-15,pw01ses10082024070620241215/3E
2024-12-21,pw01ses10062024050720241221/E7
2024-12-21,pw01ses10082024070720241221/DD
2024-12-22,pw01ses10062024050820241222/D5
2024-12-22,pw01ses10082024070820241222/CB
2024-12-28,pw01ses10062024050920241228/2A
2024-12-28,pw01ses10082024070920241228/20
2025-01-05,pw01ses10062025010120250105/E3
2025-01-05,pw01ses10072025010120250105/2D
2025-01-06,pw01ses10062025010220250106/D1
2025-01-06,pw01ses10072025010220250106/1B
2025-01-11,pw01ses10062025010320250111/F5
2025-01-11,pw01ses10072025010320250111/3F
2025-01-12,pw01ses10062025010420250112/E3
2025-01-12,pw01ses10072025010420250112/2D
2025-01-13,pw01ses10062025010520250113/D1
2025-01-13,pw01ses10072025010520250113/1B
2025-01-18,pw01ses10062025010620250118/AB
2025-01-18,pw01ses10072025010620250118/F5
2025-01-19,pw01ses10062025010720250119/99
2025-01-19,pw01ses10072025010720250119/E3
2025-01-25,pw01ses10062025010820250125/38
2025-01-25,pw01ses10072025010820250125/82
2025-01-25,pw01ses10102025010120250125/80
2025-01-26,pw01ses10062025010920250126/26
2025-01-26,pw01ses10072025010920250126/70
2025-01-26,pw01ses10102025010220250126/6E
2025-02-01,pw01ses10052025010120250201/E6
2025-02-01,pw01ses10082025010120250201/C4
2025-02-01,pw01ses10102025010320250201/83
2025-02-02,pw01ses10052025010220250202/D4
2025-02-02,pw01ses10082025010220250202/B2
2025-02-02,pw01ses10102025010420250202/71
2025-02-08,pw01ses10052025010320250208/29
2025-02-08,pw01ses10102025010520250208/C6
2025-02-09,pw01ses10052025010420250209/17
2025-02-09,pw01ses10082025010420250209/F5
2025-02-09,pw01ses10102025010620250209/B4
2025-02-10,pw01ses10082025010320250210/47
2025-02-15,pw01ses10052025010520250215/B6
2025-02-15,pw01ses10082025010520250215/94
2025-02-15,pw01ses10102025010720250215/53
2025-02-16,pw01ses10052025010620250216/A4
2025-02-16,pw01ses10082025010620250216/82
2025-02-16,pw01ses10102025010820250216/41
2025-02-22,pw01ses10052025010720250222/43
2025-02-22,pw01ses10082025010720250222/21
2025-02-22,pw01ses10102025010920250222/E0
2025-02-23,pw01ses10052025010820250223/31
2025-02-23,pw01ses10082025010820250223/0F
2025-02-23,pw01ses10102025011020250223/60
2025-03-01,pw01ses10062025020120250301/9A
2025-03-01,pw01ses10092025010120250301/47
2025-03-01,pw01ses10102025011120250301/E6
2025-03-02,pw01ses10062025020220250302/88
2025-03-02,pw01ses10092025010220250302/35
2025-03-02,pw01ses10102025011220250302/D4
2025-03-08,pw01ses10062025020320250308/DD
2025-03-08,pw01ses10092025010320250308/8A
2025-03-09,pw01ses10062025020420250309/CB
2025-03-09,pw01ses10092025010420250309/78
2025-03-15,pw01ses10062025020520250315/6A
2025-03-15,pw01ses10072025020120250315/E8
2025-03-15,pw01ses10092025010520250315/17
2025-03-16,pw01ses10062025020620250316/58
2025-03-16,pw01ses10072025020220250316/D6
2025-03-16,pw01ses10092025010620250316/05
2025-03-22,pw01ses10062025020720250322/F7
2025-03-22,pw01ses10072025020320250322/75
2025-03-22,pw01ses10092025010720250322/A4
2025-03-23,pw01ses10062025020820250323/E5
2025-03-23,pw01ses10072025020420250323/63
2025-03-23,pw01ses10092025010820250323/92
2025-03-29,pw01ses10062025030120250329/D3
2025-03-29,pw01ses10072025020520250329/B8
2025-03-29,pw01ses10092025020120250329/80
2025-03-30,pw01ses10062025030220250330/0B
2025-03-30,pw01ses10072025020620250330/F0
2025-03-30,pw01ses10092025020220250330/B8
2025-04-05,pw01ses10062025030320250405/D6
2025-04-05,pw01ses10092025020320250405/83
2025-04-06,pw01ses10062025030420250406/C4
2025-04-06,pw01ses10092025020420250406/71
2025-04-12,pw01ses10032025010120250412/57
2025-04-12,pw01ses10062025030520250412/63
2025-04-12,pw01ses10092025020520250412/10
2025-04-13,pw01ses10032025010220250413/45
2025-04-13,pw01ses10062025030620250413/51
2025-04-13,pw01ses10092025020620250413/FE
2025-04-19,pw01ses10032025010320250419/9A
2025-04-19,pw01ses10062025030720250419/A6
2025-04-19,pw01ses10092025020720250419/53
2025-04-20,pw01ses10032025010420250420/D2
2025-04-20,pw01ses10062025030820250420/DE
2025-04-20,pw01ses10092025020820250420/8B
2025-04-26,pw01ses10032025010520250426/27
2025-04-26,pw01ses10052025020120250426/20
2025-04-26,pw01ses10082025020120250426/FE
2025-04-27,pw01ses10032025010620250427/15
2025-04-27,pw01ses10052025020220250427/0E
2025-04-27,pw01ses10082025020220250427/EC
2025-05-03,pw01ses10042025010120250503/3D
2025-05-03,pw01ses10052025020320250503/9E
2025-05-03,pw01ses10082025020320250503/7C
2025-05-04,pw01ses10042025010220250504/2B
2025-05-04,pw01ses10052025020420250504/8C
2025-05-04,pw01ses10082025020420250504/6A
2025-05-10,pw01ses10042025010320250510/CA
2025-05-10,pw01ses10052025020520250510/2B
2025-05-10,pw01ses10082025020520250510/09
2025-05-11,pw01ses10042025010420250511/B8
2025-05-11,pw01ses10052025020620250511/19
2025-05-11,pw01ses10082025020620250511/F7
2025-05-17,pw01ses10042025010520250517/0D
2025-05-17,pw01ses10052025020720250517/6E
2025-05-17,pw01ses10082025020720250517/4C
2025-05-18,pw01ses10042025010620250518/FB
2025-05-18,pw01ses10052025020820250518/5C
2025-05-18,pw01ses10082025020820250518/3A
2025-05-24,pw01ses10042025010720250524/9A
2025-05-24,pw01ses10052025020920250524/FB
2025-05-24,pw01ses10082025020920250524/D9
2025-05-25,pw01ses10042025010820250525/88
2025-05-25,pw01ses10052025021020250525/7B
2025-05-25,pw01ses10082025021020250525/59
2025-05-31,pw01ses10052025021120250531/1A
2025-05-31,pw01ses10082025021120250531/F8
2025-06-01,pw01ses10052025021220250601/7E
2025-06-01,pw01ses10082025021220250601/5C
2025-06-07,pw01ses10052025030120250607/0E
2025-06-07,pw01ses10092025030120250607/36
2025-06-08,pw01ses10052025030220250608/FC
2025-06-08,pw01ses10092025030220250608/24
2025-06-14,pw01ses10022025010120250614/75
2025-06-14,pw01ses10052025030320250614/9B
2025-06-14,pw01ses10092025030320250614/C3
2025-06-15,pw01ses10022025010220250615/63
2025-06-15,pw01ses10052025030420250615/89
2025-06-15,pw01ses10092025030420250615/B1
2025-06-21,pw01ses10022025010320250621/02
2025-06-21,pw01ses10052025030520250621/28
2025-06-21,pw01ses10092025030520250621/50
2025-06-22,pw01ses10022025010420250622/F0
2025-06-22,pw01ses10052025030620250622/16
2025-06-22,pw01ses10092025030620250622/3E
2025-06-28,pw01ses10022025010520250628/45
2025-06-28,pw01ses10032025020120250628/F4
2025-06-28,pw01ses10102025020120250628/3F
2025-06-29,pw01ses10022025010620250629/33
2025-06-29,pw01ses10032025020220250629/E2
2025-06-29,pw01ses10102025020220250629/2D
2025-07-05,pw01ses10022025010720250705/C3
2025-07-05,pw01ses10032025020320250705/72
2025-07-05,pw01ses10102025020320250705/BD
2025-07-06,pw01ses10022025010820250706/B1
2025-07-06,pw01ses10032025020420250706/60
2025-07-06,pw01ses10102025020420250706/AB
2025-07-12,pw01ses10022025010920250712/50
2025-07-12,pw01ses10032025020520250712/FF
2025-07-12,pw01ses10102025020520250712/4A
2025-07-13,pw01ses10022025011020250713/D0
2025-07-13,pw01ses10032025020620250713/ED
2025-07-13,pw01ses10102025020620250713/38
2025-07-19,pw01ses10022025011120250719/25
2025-07-19,pw01ses10032025020720250719/42
2025-07-19,pw01ses10102025020720250719/8D
2025-07-20,pw01ses10022025011220250720/5D
2025-07-20,pw01ses10032025020820250720/7A
2025-07-20,pw01ses10102025020820250720/C5
2025-07-26,pw01ses10012025010120250726/72
2025-07-26,pw01ses10042025020120250726/81
2025-07-26,pw01ses10072025030120250726/90
2025-07-27,pw01ses10012025010220250727/60
2025-07-27,pw01ses10042025020220250727/6F
2025-07-27,pw01ses10072025030220250727/7E
2025-08-02,pw01ses10012025010320250802/75
2025-08-02,pw01ses10042025020320250802/84
2025-08-02,pw01ses10072025030320250802/93
2025-08-03,pw01ses10012025010420250803/63
2025-08-03,pw01ses10042025020420250803/72
2025-08-03,pw01ses10072025030420250803/81
2025-08-09,pw01ses10012025010520250809/B8
2025-08-09,pw01ses10042025020520250809/C7
2025-08-09,pw01ses10072025030520250809/D6
2025-08-10,pw01ses10012025010620250810/F0
2025-08-10,pw01ses10042025020620250810/FF
2025-08-10,pw01ses10072025030620250810/0E
2025-08-16,pw01ses10012025010720250816/45
2025-08-16,pw01ses10042025020720250816/54
2025-08-16,pw01ses10072025030720250816/63
2025-08-17,pw01ses10012025010820250817/33
2025-08-17,pw01ses10042025020820250817/42
2025-08-17,pw01ses10072025030820250817/51
2025-08-23,pw01ses10012025020120250823/6B
2025-08-23,pw01ses10042025030120250823/7A
2025-08-23,pw01ses10072025040120250823/89
2025-08-24,pw01ses10012025020220250824/59
2025-08-24,pw01ses10042025030220250824/68
2025-08-24,pw01ses10072025040220250824/77
2025-08-30,pw01ses10012025020320250830/F8
2025-08-30,pw01ses10042025030320250830/07
2025-08-30,pw01ses10072025040320250830/16
2025-08-31,pw01ses10012025020420250831/E6
2025-08-31,pw01ses10042025030420250831/F5
2025-08-31,pw01ses10072025040420250831/04
2025-09-06,pw01ses10012025020520250906/B1
2025-09-06,pw01ses10062025040120250906/B9
2025-09-06,pw01ses10092025040120250906/97
2025-09-07,pw01ses10012025020620250907/9F
2025-09-07,pw01ses10062025040220250907/A7
2025-09-07,pw01ses10092025040220250907/85
2025-09-13,pw01ses10062025040320250913/46
2025-09-13,pw01ses10092025040320250913/24
2025-09-14,pw01ses10062025040420250914/34
2025-09-14,pw01ses10092025040420250914/12
2025-09-15,pw01ses10062025040520250915/22
2025-09-15,pw01ses10092025040520250915/00
2025-09-20,pw01ses10062025040620250920/46
2025-09-20,pw01ses10092025040620250920/24
2025-09-21,pw01ses10062025040720250921/34
2025-09-21,pw01ses10092025040720250921/12
2025-09-27,pw01ses10062025040820250927/89
2025-09-27,pw01ses10092025040820250927/67
2025-09-28,pw01ses10062025040920250928/77
2025-09-28,pw01ses10092025040920250928/55
2025-10-04,pw01ses10052025040120251004/4E
2025-10-04,pw01ses10082025030120251004/FB
2025-10-05,pw01ses10052025040220251005/3C
2025-10-05,pw01ses10082025030220251005/E9
2025-10-11,pw01ses10052025040320251011/DB
2025-10-11,pw01ses10082025030320251011/88
2025-10-12,pw01ses10052025040420251012/C9
2025-10-12,pw01ses10082025030420251012/76
2025-10-13,pw01ses10052025040520251013/B7
2025-10-13,pw01ses10082025030520251013/64
2025-10-18,pw01ses10042025040120251018/08
2025-10-18,pw01ses10052025040620251018/91
2025-10-18,pw01ses10082025030620251018/3E
2025-10-19,pw01ses10042025040220251019/F6
2025-10-19,pw01ses10052025040720251019/7F
2025-10-19,pw01ses10082025030720251019/2C
2025-10-25,pw01ses10042025040320251025/95
2025-10-25,pw01ses10052025040820251025/1E
2025-10-25,pw01ses10082025030820251025/CB
2025-10-26,pw01ses10042025040420251026/83
2025-10-26,pw01ses10052025040920251026/0C
2025-10-26,pw01ses10082025030920251026/B9
2025-11-01,pw01ses10052025041020251101/B3
2025-11-01,pw01ses10082025031020251101/60
2025-11-02,pw01ses10052025041120251102/A1
2025-11-02,pw01ses10082025031120251102/4E
2025-11-08,pw01ses10032025030120251108/AE
2025-11-08,pw01ses10052025050120251108/A4
2025-11-08,pw01ses10082025040120251108/51
2025-11-09,pw01ses10032025030220251109/9C
2025-11-09,pw01ses10052025050220251109/92
2025-11-09,pw01ses10082025040220251109/3F
2025-11-15,pw01ses10032025030320251115/3B
2025-11-15,pw01ses10052025050320251115/31
2025-11-15,pw01ses10082025040320251115/DE
2025-11-16,pw01ses10032025030420251116/29
2025-11-16,pw01ses10052025050420251116/1F
2025-11-16,pw01ses10082025040420251116/CC
2025-11-22,pw01ses10032025030520251122/C8
2025-11-22,pw01ses10082025040520251122/6B
2025-11-23,pw01ses10052025050520251123/39
2025-11-23,pw01ses10082025040620251123/59
2025-11-24,pw01ses10032025030620251124/31
2025-11-24,pw01ses10052025050620251124/27
2025-11-29,pw01ses10052025050720251129/01
2025-11-29,pw01ses10082025040720251129/AE
2025-11-30,pw01ses10052025050820251130/39
2025-11-30,pw01ses10082025040820251130/E6
2025-12-06,pw01ses10062025050120251206/31
2025-12-06,pw01ses10072025050120251206/7B
2025-12-06,pw01ses10092025050120251206/0F
2025-12-07,pw01ses10062025050220251207/1F
2025-12-07,pw01ses10072025050220251207/69
2025-12-07,pw01ses10092025050220251207/FD
2025-12-13,pw01ses10062025050320251213/BE
2025-12-13,pw01ses10072025050320251213/08
2025-12-13,pw01ses10092025050320251213/9C
2025-12-14,pw01ses10062025050420251214/AC
2025-12-14,pw01ses10072025050420251214/F6
2025-12-14,pw01ses10092025050420251214/8A
2025-12-20,pw01ses10062025050520251220/4B
2025-12-20,pw01ses10072025050520251220/95
2025-12-20,pw01ses10092025050520251220/29
2025-12-21,pw01ses10062025050620251221/39
2025-12-21,pw01ses10072025050620251221/83
2025-12-21,pw01ses10092025050620251221/17
2025-12-27,pw01ses10062025050720251227/8E
2025-12-27,pw01ses10092025050720251227/6C
2025-12-28,pw01ses10062025050820251228/7C
2025-12-28,pw01ses10092025050820251228/5A
2026-01-04,pw01ses10062026010120260104/2D
2026-01-04,pw01ses10082026010120260104/C1
2026-01-05,pw01ses10062026010220260105/1B
2026-01-05,pw01ses10082026010220260105/AF
2026-01-10,pw01ses10062026010320260110/3F
2026-01-10,pw01ses10082026010320260110/D3
2026-01-11,pw01ses10062026010420260111/2D
2026-01-11,pw01ses10082026010420260111/C1
2026-01-12,pw01ses10062026010520260112/1B
2026-01-12,pw01ses10082026010520260112/AF
2026-01-17,pw01ses10062026010620260117/F5
2026-01-17,pw01ses10082026010620260117/89
2026-01-18,pw01ses10062026010720260118/E3
2026-01-18,pw01ses10082026010720260118/77
2026-01-24,pw01ses10062026010820260124/82
2026-01-24,pw01ses10082026010820260124/16
2026-01-24,pw01ses10102026010120260124/CA
2026-01-25,pw01ses10062026010920260125/70
2026-01-25,pw01ses10082026010920260125/04
2026-01-25,pw01ses10102026010220260125/B8
2026-01-31,pw01ses10052026010120260131/BA
2026-01-31,pw01ses10082026020120260131/C9
2026-01-31,pw01ses10102026010320260131/57
2026-02-01,pw01ses10052026010220260201/1E
2026-02-01,pw01ses10082026020220260201/2D
2026-02-01,pw01ses10102026010420260201/BB
2026-02-07,pw01ses10052026010320260207/73
2026-02-07,pw01ses10082026020320260207/82
2026-02-07,pw01ses10102026010520260207/10
2026-02-08,pw01ses10102026010620260208/FE
2026-02-10,pw01ses10052026010420260210/A1
2026-02-10,pw01ses10082026020420260210/B0
2026-02-14,pw01ses10052026010520260214/00
2026-02-14,pw01ses10082026020520260214/0F
2026-02-14,pw01ses10102026010720260214/9D
2026-02-15,pw01ses10052026010620260215/EE
2026-02-15,pw01ses10082026020620260215/FD
2026-02-15,pw01ses10102026010820260215/8B
2026-02-21,pw01ses10052026010720260221/8D
2026-02-21,pw01ses10092026010120260221/03
2026-02-21,pw01ses10102026010920260221/2A
2026-02-22,pw01ses10052026010820260222/7B
2026-02-22,pw01ses10092026010220260222/F1
2026-02-22,pw01ses10102026011020260222/AA
2026-02-28,pw01ses10062026020120260228/B3
2026-02-28,pw01ses10092026010320260228/46
2026-02-28,pw01ses10102026011120260228/FF
2026-03-01,pw01ses10062026020220260301/D2
2026-03-01,pw01ses10092026010420260301/65
2026-03-01,pw01ses10102026011220260301/1E
2026-03-07,pw01ses10062026020320260307/27
2026-03-07,pw01ses10092026010520260307/BA
2026-03-08,pw01ses10062026020420260308/15
2026-03-08,pw01ses10092026010620260308/A8
2026-03-14,pw01ses10062026020520260314/B4
2026-03-14,pw01ses10072026010120260314/01
2026-03-14,pw01ses10092026010720260314/47
2026-03-15,pw01ses10062026020620260315/A2
2026-03-15,pw01ses10072026010220260315/EF
2026-03-15,pw01ses10092026010820260315/35
2026-03-21,pw01ses10062026020720260321/41
2026-03-21,pw01ses10072026010320260321/8E
2026-03-21,pw01ses10092026010920260321/D4
2026-03-22,pw01ses10062026020820260322/2F
2026-03-22,pw01ses10072026010420260322/7C
2026-03-22,pw01ses10092026011020260322/54
2026-03-28,pw01ses10062026030120260328/1D
2026-03-28,pw01ses10072026010520260328/D1
2026-03-28,pw01ses10092026020120260328/CA
2026-03-29,pw01ses10062026030220260329/0B
2026-03-29,pw01ses10072026010620260329/BF
2026-03-29,pw01ses10092026020220260329/B8
2026-04-04,pw01ses10062026030320260404/20
2026-04-04,pw01ses10092026020320260404/CD
2026-04-05,pw01ses10062026030420260405/0E
2026-04-05,pw01ses10092026020420260405/BB
2026-04-11,pw01ses10032026010120260411/A1
2026-04-11,pw01ses10062026030520260411/AD
2026-04-11,pw01ses10092026020520260411/5A
2026-04-12,pw01ses10032026010220260412/8F
2026-04-12,pw01ses10062026030620260412/9B
2026-04-12,pw01ses10092026020620260412/48
2026-04-18,pw01ses10032026010320260418/E4
2026-04-18,pw01ses10062026030720260418/F0
2026-04-18,pw01ses10092026020720260418/9D
2026-04-19,pw01ses10032026010420260419/D2
2026-04-19,pw01ses10062026030820260419/DE
2026-04-19,pw01ses10092026020820260419/8B
2026-04-25,pw01ses10032026010520260425/71
2026-04-25,pw01ses10052026020120260425/6A
2026-04-25,pw01ses10082026030120260425/79
2026-04-26,pw01ses10032026010620260426/5F
2026-04-26,pw01ses10052026020220260426/58
2026-04-26,pw01ses10082026030220260426/67
2026-05-02,pw01ses10042026010120260502/87
2026-05-02,pw01ses10052026020320260502/E8
2026-05-02,pw01ses10082026030320260502/F7
2026-05-03,pw01ses10042026010220260503/75
2026-05-03,pw01ses10052026020420260503/D6
2026-05-03,pw01ses10082026030420260503/E5
2026-05-09,pw01ses10042026010320260509/CA
2026-05-09,pw01ses10052026020520260509/2B
2026-05-09,pw01ses10082026030520260509/3A
2026-05-10,pw01ses10042026010420260510/02
2026-05-10,pw01ses10052026020620260510/63
2026-05-10,pw01ses10082026030620260510/72
2026-05-16,pw01ses10042026010520260516/57
2026-05-16,pw01ses10052026020720260516/B8
2026-05-16,pw01ses10082026030720260516/C7
2026-05-17,pw01ses10042026010620260517/45
2026-05-17,pw01ses10052026020820260517/A6
2026-05-17,pw01ses10082026030820260517/B5
2026-05-23,pw01ses10042026010720260523/E4
2026-05-23,pw01ses10052026020920260523/45
2026-05-23,pw01ses10082026030920260523/54
2026-05-24,pw01ses10042026010820260524/D2
2026-05-24,pw01ses10052026021020260524/C5
2026-05-24,pw01ses10082026031020260524/D4
2026-05-30,pw01ses10052026021120260530/64
2026-05-30,pw01ses10082026031120260530/73
2026-05-31,pw01ses10052026021220260531/52
2026-05-31,pw01ses10082026031220260531/61
2026-06-06,pw01ses10052026030120260606/58
2026-06-06,pw01ses10092026030120260606/80
2026-06-07,pw01ses10052026030220260607/46
2026-06-07,pw01ses10092026030220260607/6E
2026-06-13,pw01ses10022026010120260613/BF
2026-06-13,pw01ses10052026030320260613/E5
2026-06-13,pw01ses10092026030320260613/0D
2026-06-14,pw01ses10022026010220260614/AD
2026-06-14,pw01ses10052026030420260614/D3
2026-06-14,pw01ses10092026030420260614/FB
2026-06-20,pw01ses10022026010320260620/4C
2026-06-20,pw01ses10052026030520260620/72
2026-06-20,pw01ses10092026030520260620/9A
2026-06-21,pw01ses10022026010420260621/3A
2026-06-21,pw01ses10052026030620260621/60
2026-06-21,pw01ses10092026030620260621/88
2026-06-27,pw01ses10022026010520260627/8F
2026-06-27,pw01ses10032026020120260627/3E
2026-06-27,pw01ses10102026020120260627/89
2026-06-28,pw01ses10022026010620260628/7D
2026-06-28,pw01ses10032026020220260628/2C
2026-06-28,pw01ses10102026020220260628/77
2026-07-04,pw01ses10022026010720260704/0D
2026-07-04,pw01ses10032026020320260704/BC
2026-07-04,pw01ses10102026020320260704/07
2026-07-05,pw01ses10022026010820260705/FB
2026-07-05,pw01ses10032026020420260705/AA
2026-07-05,pw01ses10102026020420260705/F5
2026-07-11,pw01ses10022026010920260711/9A
2026-07-11,pw01ses10032026020520260711/49
2026-07-11,pw01ses10102026020520260711/94
2026-07-12,pw01ses10022026011020260712/1A
2026-07-12,pw01ses10032026020620260712/37
2026-07-12,pw01ses10102026020620260712/82
2026-07-18,pw01ses10022026011120260718/6F
2026-07-18,pw01ses10032026020720260718/8C
2026-07-18,pw01ses10102026020720260718/D7
2026-07-19,pw01ses10022026011220260719/5D
2026-07-19,pw01ses10032026020820260719/7A
2026-07-19,pw01ses10102026020820260719/C5
2026-07-25,pw01ses10012026010120260725/BC
2026-07-25,pw01ses10042026020120260725/CB
2026-07-25,pw01ses10072026020120260725/A9
2026-07-26,pw01ses10012026010220260726/AA
2026-07-26,pw01ses10042026020220260726/B9
2026-07-26,pw01ses10072026020220260726/97
2026-08-01,pw01ses10012026010320260801/BF
2026-08-01,pw01ses10042026020320260801/CE
2026-08-01,pw01ses10072026020320260801/AC
2026-08-02,pw01ses10012026010420260802/AD
2026-08-02,pw01ses10042026020420260802/BC
2026-08-02,pw01ses10072026020420260802/9A
2026-08-08,pw01ses10012026010520260808/02
2026-08-08,pw01ses10042026020520260808/11
2026-08-08,pw01ses10072026020520260808/EF
2026-08-09,pw01ses10012026010620260809/F0
2026-08-09,pw01ses10042026020620260809/FF
2026-08-09,pw01ses10072026020620260809/DD
2026-08-15,pw01ses10012026010720260815/8F
2026-08-15,pw01ses10042026020720260815/9E
2026-08-15,pw01ses10072026020720260815/7C
2026-08-16,pw01ses10012026010820260816/7D
2026-08-16,pw01ses10042026020820260816/8C
2026-08-16,pw01ses10072026020820260816/6A
2026-08-22,pw01ses10012026020120260822/B5
2026-08-22,pw01ses10042026030120260822/C4
2026-08-22,pw01ses10072026030120260822/A2
2026-08-23,pw01ses10012026020220260823/A3
2026-08-23,pw01ses10042026030220260823/B2
2026-08-23,pw01ses10072026030220260823/90
2026-08-29,pw01ses10012026020320260829/F8
2026-08-29,pw01ses10042026030320260829/07
2026-08-29,pw01ses10072026030320260829/E5
2026-08-30,pw01ses10012026020420260830/30
2026-08-30,pw01ses10042026030420260830/3F
2026-08-30,pw01ses10072026030420260830/1D
2026-09-05,pw01ses10012026020520260905/FB
2026-09-05,pw01ses10062026040120260905/03
2026-09-05,pw01ses10092026040120260905/E1
2026-09-06,pw01ses10012026020620260906/E9
2026-09-06,pw01ses10062026040220260906/F1
2026-09-06,pw01ses10092026040220260906/CF
2026-09-12,pw01ses10062026040320260912/90
2026-09-12,pw01ses10092026040320260912/6E
2026-09-13,pw01ses10062026040420260913/7E
2026-09-13,pw01ses10092026040420260913/5C
